Item,Element_Area,Y1961_Area,Y1962_Area,Y1963_Area,Y1964_Area,Y1965_Area,Y1966_Area,Y1967_Area,Y1968_Area,Y1969_Area,Y1970_Area,Y1971_Area,Y1972_Area,Y1973_Area,Y1974_Area,Y1975_Area,Y1976_Area,Y1977_Area,Y1978_Area,Y1979_Area,Y1980_Area,Y1981_Area,Y1982_Area,Y1983_Area,Y1984_Area,Y1985_Area,Y1986_Area,Y1987_Area,Y1988_Area,Y1989_Area,Y1990_Area,Y1991_Area,Y1992_Area,Y1993_Area,Y1994_Area,Y1995_Area,Y1996_Area,Y1997_Area,Y1998_Area,Y1999_Area,Y2000_Area,Y2001_Area,Y2002_Area,Y2003_Area,Y2004_Area,Y2005_Area,Y2006_Area,Y2007_Area,Y2008_Area,Y2009_Area,Y2010_Area,Y2011_Area,Y2012_Area,Y2013_Area,Y2014_Area,Y2015_Area,Y2016_Area,Y2017_Area,Y2018_Area,Y2019_Area,Y2020_Area,Y2021_Area,Total_Area,Element_Prod,Y1961_Prod,Y1962_Prod,Y1963_Prod,Y1964_Prod,Y1965_Prod,Y1966_Prod,Y1967_Prod,Y1968_Prod,Y1969_Prod,Y1970_Prod,Y1971_Prod,Y1972_Prod,Y1973_Prod,Y1974_Prod,Y1975_Prod,Y1976_Prod,Y1977_Prod,Y1978_Prod,Y1979_Prod,Y1980_Prod,Y1981_Prod,Y1982_Prod,Y1983_Prod,Y1984_Prod,Y1985_Prod,Y1986_Prod,Y1987_Prod,Y1988_Prod,Y1989_Prod,Y1990_Prod,Y1991_Prod,Y1992_Prod,Y1993_Prod,Y1994_Prod,Y1995_Prod,Y1996_Prod,Y1997_Prod,Y1998_Prod,Y1999_Prod,Y2000_Prod,Y2001_Prod,Y2002_Prod,Y2003_Prod,Y2004_Prod,Y2005_Prod,Y2006_Prod,Y2007_Prod,Y2008_Prod,Y2009_Prod,Y2010_Prod,Y2011_Prod,Y2012_Prod,Y2013_Prod,Y2014_Prod,Y2015_Prod,Y2016_Prod,Y2017_Prod,Y2018_Prod,Y2019_Prod,Y2020_Prod,Y2021_Prod,Total_Prod
"Abaca, manila hemp, raw",Area harvested,1836.0,1821.0,2023.0,2064.0,2289.0,2198.0,2023.0,1214.0,1820.0,182.0,182.0,2.0,0.0,0.0,0.0,0.0,0.0,0.0,0.0,0.0,0.0,0.0,0.0,0.0,0.0,0.0,0.0,0.0,0.0,0.0,0.0,0.0,0.0,0.0,0.0,0.0,0.0,0.0,0.0,0.0,0.0,0.0,0.0,0.0,0.0,0.0,0.0,0.0,0.0,0.0,0.0,0.0,0.0,0.0,0.0,0.0,0.0,0.0,0.0,0.0,0.0,17654.0,Production,4400.0,4000.0,4000.0,4400.0,3200.0,3259.0,3281.0,3519.0,2671.0,373.0,111.0,4.0,0.0,0.0,0.0,0.0,0.0,0.0,0.0,0.0,0.0,0.0,0.0,0.0,0.0,0.0,0.0,0.0,0.0,0.0,0.0,0.0,0.0,0.0,0.0,0.0,0.0,0.0,0.0,0.0,0.0,0.0,0.0,0.0,0.0,0.0,0.0,0.0,0.0,0.0,0.0,0.0,0.0,0.0,0.0,0.0,0.0,0.0,0.0,0.0,0.0,33218.0
Areca nuts,Area harvested,6000.0,3800.0,5500.0,4500.0,5000.0,4500.0,5000.0,3000.0,2500.0,2000.0,2500.0,2800.0,3000.0,2800.0,2300.0,2100.0,2000.0,1800.0,2000.0,2700.0,1300.0,1100.0,900.0,600.0,1000.0,2000.0,2000.0,1100.0,1700.0,2800.0,2200.0,2700.0,2397.0,1700.0,600.0,1200.0,1652.0,2400.0,1879.0,2000.0,1500.0,800.0,650.0,1046.0,1366.0,1800.0,1300.0,636.0,643.0,680.0,341.0,222.0,45.0,222.0,91.0,83.0,94.0,58.0,60.0,1.0,12.0,110678.0,Production,6500.0,4000.0,5000.0,4000.0,6000.0,4000.0,5000.0,3500.0,3000.0,2500.0,3000.0,3500.0,3200.0,3900.0,2400.0,2500.0,2050.0,1900.0,3000.0,3000.0,2500.0,2000.0,1500.0,1100.0,1850.0,3500.0,3500.0,2000.0,3000.0,5000.0,4000.0,5000.0,4120.87,3000.0,1000.0,2000.0,2922.3,4000.0,3393.24,3300.0,2500.0,1300.0,1225.99,2015.35,2696.27,3000.0,2200.0,2035.0,618.0,650.0,640.0,338.0,387.0,368.0,339.0,302.74,328.23,176.55,205.75,2.2,38.99,152003.47999999998
Avocados,Area harvested,0.0,0.0,0.0,0.0,0.0,0.0,0.0,0.0,0.0,0.0,0.0,0.0,0.0,0.0,0.0,0.0,0.0,0.0,0.0,0.0,0.0,0.0,0.0,0.0,0.0,0.0,0.0,0.0,0.0,0.0,0.0,0.0,0.0,0.0,0.0,0.0,0.0,0.0,0.0,0.0,0.0,0.0,0.0,0.0,0.0,0.0,0.0,0.0,0.0,0.0,0.0,0.0,0.0,0.0,0.0,0.0,0.0,50.0,59.0,118.0,134.0,361.0,Production,0.0,0.0,0.0,0.0,0.0,0.0,0.0,0.0,0.0,0.0,0.0,0.0,0.0,0.0,0.0,0.0,0.0,0.0,0.0,0.0,0.0,0.0,0.0,0.0,0.0,0.0,0.0,0.0,0.0,0.0,0.0,0.0,0.0,0.0,0.0,0.0,0.0,0.0,0.0,0.0,0.0,0.0,0.0,0.0,0.0,0.0,0.0,0.0,0.0,0.0,0.0,0.0,0.0,0.0,0.0,0.0,0.0,223.0,122.0,210.0,269.0,824.0
Bananas,Area harvested,26800.0,27000.0,27000.0,26000.0,27000.0,18500.0,17600.0,17800.0,18100.0,21000.0,27000.0,22000.0,16000.0,21000.0,20000.0,23000.0,22900.0,20700.0,22000.0,23429.0,25105.0,24526.0,20446.0,23952.0,23226.0,21921.0,27725.0,27889.0,28054.0,28400.0,28600.0,28700.0,31046.0,30405.0,30405.0,30000.0,30000.0,30000.0,31000.0,26055.0,22629.0,24342.0,26000.0,30000.0,30000.0,25000.0,22719.0,22650.0,22135.0,24167.0,29132.0,29193.0,27085.0,28911.0,24858.0,22294.0,27565.0,24219.0,21542.0,21673.0,23311.0,1521709.0,Production,367000.0,372000.0,369000.0,359000.0,371000.0,252000.0,241000.0,242000.0,300000.0,364000.0,399000.0,410000.0,390000.0,430000.0,420000.0,455000.0,450000.0,440000.0,450000.0,445000.0,460000.0,470000.0,473000.0,475000.0,477000.0,480000.0,485000.0,490000.0,500000.0,505000.0,509000.0,510000.0,540000.0,530000.0,537549.86,535637.53,540095.16,535000.0,545000.0,540000.0,530000.0,500000.0,530000.0,510000.0,450000.0,380000.0,260911.0,272331.0,279762.0,332639.0,306283.0,289034.0,288677.0,303107.0,315500.0,309508.0,350492.59,330956.54,325446.9,313811.33,330642.2,25172384.109999992
Cabbages,Area harvested,200.0,200.0,200.0,300.0,250.0,300.0,500.0,500.0,700.0,750.0,800.0,1000.0,900.0,1000.0,1100.0,1450.0,1400.0,1300.0,1500.0,1500.0,1750.0,1800.0,1700.0,1650.0,1400.0,600.0,1300.0,1000.0,1200.0,1300.0,1500.0,1500.0,1322.0,1369.0,1369.0,1984.0,2307.0,2595.0,2400.0,1370.0,814.0,1092.0,1500.0,1800.0,1800.0,1655.0,1700.0,1750.0,1406.0,4917.0,5656.0,3528.0,4845.0,7937.0,8261.0,3774.0,3279.0,3300.0,3226.0,3217.0,3691.0,116414.0,Production,3500.0,3500.0,3500.0,5400.0,4500.0,5400.0,8800.0,8900.0,12500.0,13400.0,14200.0,17800.0,16000.0,17500.0,19600.0,25800.0,24900.0,23000.0,26700.0,27000.0,31000.0,32000.0,30200.0,29300.0,24300.0,11000.0,23000.0,17500.0,25000.0,30000.0,40000.0,45000.0,49059.0,57334.0,52036.0,50000.0,45000.0,50000.0,47000.0,26346.0,9014.0,23970.0,28982.0,35377.0,35000.0,45957.0,65800.0,73100.0,60894.0,143562.0,179323.0,94886.0,129148.0,301518.0,277202.0,101258.0,77342.17,80641.12,79471.55,80641.17,91389.07,3011451.0799999996
"Cashew nuts, in shell",Area harvested,2000.0,2000.0,2000.0,2000.0,2000.0,2000.0,2000.0,2100.0,2200.0,2398.0,2008.0,2100.0,1878.0,5559.0,6229.0,6825.0,6349.0,5425.0,3441.0,2932.0,994.0,399.0,2555.0,4171.0,3500.0,2634.0,3867.0,5231.0,7186.0,5300.0,5800.0,6400.0,6500.0,6439.0,7000.0,6699.0,6777.0,6854.0,6927.0,6839.0,6874.0,6911.0,6941.0,6960.0,6981.0,7007.0,7000.0,7088.0,7158.0,7227.0,7293.0,7200.0,7400.0,7320.0,7428.0,7475.0,7502.0,7508.0,7546.0,7578.0,7609.0,317522.0,Production,3600.0,3600.0,3600.0,3600.0,3600.0,3600.0,3600.0,3700.0,3900.0,4300.0,3600.0,3700.0,3300.0,10000.0,11200.0,12000.0,11400.0,9800.0,5800.0,5200.0,1800.0,700.0,4600.0,7500.0,6000.0,4965.0,7176.0,9860.0,13546.0,10000.0,11000.0,12000.0,12203.72,12103.75,13000.0,12617.77,12779.46,12935.67,13087.54,12952.21,13035.75,13124.73,13216.61,13307.8,13420.57,13552.8,13000.0,13954.62,14269.76,14594.66,14927.12,16000.0,15540.77,15465.84,15816.45,16058.22,16201.36,16335.07,16198.22,16244.88,16259.39,614451.7399999999
"Cassava, fresh",Area harvested,13500.0,16000.0,19300.0,15200.0,17100.0,22200.0,22900.0,22000.0,22600.0,31000.0,28000.0,28000.0,29000.0,30000.0,33000.0,36000.0,36000.0,33000.0,34000.0,32000.0,35000.0,35000.0,35000.0,35000.0,36000.0,36000.0,36500.0,36700.0,38000.0,37000.0,32000.0,30000.0,27000.0,25000.0,20000.0,17500.0,15000.0,12000.0,10000.0,8500.0,7000.0,5800.0,4600.0,4000.0,3500.0,3000.0,2396.0,2316.0,3075.0,2769.0,2596.0,2825.0,4046.0,3050.0,3418.0,3148.0,2566.0,1971.0,2455.0,2278.0,1913.0,1146722.0,Production,125000.0,150000.0,174000.0,146000.0,164500.0,199000.0,206000.0,199000.0,204000.0,288000.0,245000.0,302000.0,327000.0,345000.0,336000.0,360000.0,370000.0,340000.0,350000.0,330000.0,360000.0,375000.0,377000.0,380000.0,384000.0,385000.0,388000.0,390000.0,400000.0,360000.0,330000.0,310000.0,300000.0,280000.0,230000.0,200000.0,185000.0,170000.0,150000.0,120000.0,110000.0,100000.0,93000.0,81000.0,78000.0,70000.0,38711.0,35209.0,68508.0,37187.0,33206.0,77854.0,62843.0,51911.0,67713.0,61161.0,44229.05,34996.63,42285.29,37513.74,31245.59,12491073.3
"Cereals, primary",Area harvested,523153.0,550684.0,562184.0,564713.0,590253.0,580838.0,604166.0,669178.0,693311.0,712396.0,740922.0,773059.0,758106.0,749400.0,761513.0,749156.0,733625.0,593800.0,745000.0,723800.0,718000.0,690000.0,680000.0,638000.0,669974.0,665875.0,675954.0,689755.0,683137.0,700647.0,703640.0,693753.0,713434.0,718624.0,695787.0,710468.0,716975.0,701404.0,719389.0,725700.0,695600.0,701500.0,695800.0,704700.0,701200.0,670000.0,679848.0,662917.0,682104.0,686484.0,697275.0,693867.0,681399.0,624286.0,691589.0,698812.0,696025.0,709528.0,679392.0,654169.0,655717.0,41651985.0,Production,1097075.0,1133343.0,1205214.0,1121782.0,1265608.0,1236617.0,1217718.0,1448255.0,1607152.0,1697623.0,1829005.0,1852324.0,1995463.0,2118257.0,2011318.0,2020500.0,1916000.0,1509900.0,2103000.0,2052604.0,2027900.0,1892604.0,1754325.0,1593674.0,1770367.0,1744215.0,1656699.0,1728239.0,1777444.0,1919984.0,1961354.0,2048732.0,2142447.0,2178788.0,2170271.0,2273489.0,2167615.0,1994240.0,2093641.0,2205800.0,2161995.0,2267351.0,2329000.0,2336000.0,2389000.0,2267000.0,2407075.0,2385959.0,2547439.0,2512432.0,2635830.0,2682983.0,2690153.0,1894019.0,2803864.0,2804473.0,2643073.52,2708108.65,2413367.87,2424599.27,2492866.65,123337174.96000001
"Chillies and peppers, dry (Capsicum spp., Pimenta spp.), raw",Area harvested,700.0,500.0,900.0,400.0,400.0,900.0,1250.0,1250.0,1600.0,1600.0,1600.0,1300.0,1100.0,1100.0,1000.0,1100.0,1050.0,1000.0,1000.0,1500.0,1700.0,1300.0,1900.0,1500.0,1600.0,1500.0,1450.0,1500.0,1500.0,1600.0,1636.0,1667.0,1698.0,1731.0,1700.0,1806.0,1850.0,1896.0,1944.0,1994.0,2046.0,2102.0,2160.0,2221.0,2285.0,2353.0,2424.0,2499.0,2579.0,2663.0,2753.0,3000.0,2912.0,2985.0,3102.0,3000.0,3145.0,3082.0,3076.0,3101.0,3086.0,111296.0,Production,750.0,550.0,1000.0,500.0,500.0,1000.0,1300.0,1300.0,1600.0,1700.0,1600.0,1400.0,1200.0,1200.0,1050.0,1200.0,1200.0,1050.0,1050.0,1600.0,1850.0,1400.0,2050.0,1600.0,1700.0,1600.0,1550.0,1600.0,1650.0,1700.0,1718.83,1739.24,1759.87,1780.73,1800.0,1823.18,1844.78,1866.62,1888.72,1911.07,1933.68,1956.54,1979.66,2003.03,2026.67,2050.56,2074.72,2099.14,2123.83,2148.79,2174.01,2200.0,2225.28,2251.51,2278.98,2305.98,2333.04,2360.64,2379.46,2357.72,2365.94,103212.21999999999
"Chillies and peppers, green (Capsicum spp. and Pimenta spp.)",Area harvested,0.0,0.0,0.0,0.0,0.0,0.0,0.0,0.0,0.0,0.0,0.0,0.0,0.0,0.0,0.0,0.0,0.0,0.0,0.0,0.0,0.0,0.0,0.0,0.0,0.0,0.0,0.0,0.0,0.0,1700.0,1700.0,1700.0,1800.0,1800.0,1800.0,2000.0,2000.0,2000.0,2200.0,2200.0,2200.0,2400.0,2400.0,2400.0,2500.0,2500.0,2898.0,2712.0,2594.0,2971.0,2597.0,2856.0,4104.0,3582.0,2915.0,3176.0,2835.0,2390.0,2844.0,2967.0,3098.0,79839.0,Production,0.0,0.0,0.0,0.0,0.0,0.0,0.0,0.0,0.0,0.0,0.0,0.0,0.0,0.0,0.0,0.0,0.0,0.0,0.0,0.0,0.0,0.0,0.0,0.0,0.0,0.0,0.0,0.0,0.0,19000.0,19000.0,19000.0,21000.0,21000.0,21000.0,23000.0,23000.0,23000.0,25000.0,25000.0,25000.0,27000.0,27000.0,27000.0,29000.0,29000.0,33032.0,30796.0,34823.0,29538.0,28766.0,40097.0,59775.0,40521.0,47015.0,43738.0,27358.44,24428.32,27631.11,28264.36,28847.36,927630.5899999999
"Citrus Fruit, Total",Area harvested,3440.0,3590.0,3570.0,4300.0,4540.0,4570.0,4850.0,4780.0,5220.0,6790.0,6940.0,5450.0,5050.0,4600.0,4870.0,4550.0,4350.0,4690.0,4700.0,4800.0,4700.0,4080.0,3850.0,3900.0,3670.0,3470.0,3770.0,3730.0,3710.0,4245.0,4286.0,4558.0,4854.0,4558.0,4685.0,4539.0,4821.0,4906.0,5300.0,5096.0,5265.0,5637.0,6038.0,7335.0,7604.0,8422.0,9488.0,6079.0,5835.0,5867.0,8292.0,5083.0,6185.0,6007.0,4201.0,4274.0,4233.0,4829.0,4995.0,4831.0,4530.0,307408.0,Production,12900.0,13700.0,13700.0,16500.0,17600.0,17430.0,19150.0,19900.0,21900.0,28300.0,28200.0,21050.0,20000.0,18350.0,19400.0,17700.0,17900.0,19200.0,19800.0,21800.0,20700.0,18600.0,16700.0,16600.0,18700.0,18200.0,20100.0,20100.0,20790.0,21852.0,22916.78,24200.0,26224.71,24711.0,25314.17,24391.77,26606.58,27262.63,29000.0,30234.18,34053.54,35318.11,37860.33,44657.7,45979.94,49969.22,54541.0,39434.0,39986.0,40937.0,40909.0,33695.0,43602.56,41227.42,36411.48,37484.15,37206.72,49025.58,49793.68,48671.69,48108.48,1726556.4199999997
"Cloves (whole stems), raw",Area harvested,200.0,130.0,350.0,150.0,130.0,180.0,190.0,200.0,200.0,300.0,400.0,270.0,400.0,500.0,500.0,600.0,600.0,700.0,700.0,900.0,800.0,850.0,800.0,700.0,800.0,850.0,900.0,910.0,910.0,920.0,940.0,980.0,1000.0,900.0,886.0,861.0,800.0,833.0,828.0,824.0,820.0,819.0,866.0,874.0,885.0,896.0,906.0,917.0,928.0,939.0,950.0,1000.0,962.0,958.0,977.0,990.0,997.0,968.0,966.0,966.0,966.0,44442.0,Production,50.0,30.0,90.0,40.0,30.0,45.0,50.0,50.0,50.0,75.0,100.0,65.0,100.0,125.0,125.0,150.0,150.0,175.0,175.0,225.0,200.0,210.0,200.0,175.0,200.0,210.0,225.0,230.0,230.0,235.0,240.0,250.0,255.0,230.0,224.18,217.6,200.0,209.31,207.69,206.18,204.76,204.23,215.28,216.1,216.94,217.77,218.55,219.27,219.9,220.42,220.9,220.0,218.93,220.05,223.93,225.68,226.17,220.8,220.04,219.18,218.6,10842.460000000001
Cocoa beans,Area harvested,1300.0,1300.0,1000.0,2000.0,2000.0,2000.0,3000.0,3000.0,3000.0,4000.0,7400.0,6500.0,7000.0,12000.0,17000.0,22000.0,27000.0,22723.0,28498.0,34750.0,42445.0,54206.0,71914.0,96551.0,112500.0,146900.0,185500.0,232800.0,264100.0,297600.0,398950.0,378540.0,299995.0,271339.0,190217.0,168219.0,140899.0,117679.0,100803.0,75766.0,57963.0,48631.0,45493.0,42208.0,33994.0,31740.0,28459.0,21411.0,18047.0,20083.0,20847.0,11748.0,13826.0,16102.0,18122.0,16738.0,16871.0,15647.0,5868.0,5715.0,6004.0,4349911.0,Production,600.0,600.0,400.0,850.0,1200.0,1700.0,2250.0,2350.0,2750.0,3200.0,4500.0,5000.0,6733.0,10480.0,12880.0,15170.0,17513.0,21879.0,28515.0,35372.0,49068.0,61000.0,68000.0,90000.0,99000.0,130000.0,167000.0,230000.0,243000.0,247000.0,230000.0,220000.0,200000.0,177172.0,131475.0,120071.0,106027.0,90183.0,83668.0,70262.0,57708.0,47661.0,36236.0,33423.0,27964.0,31937.0,35180.0,27955.0,18152.0,15654.0,4605.0,3645.0,2809.0,2665.0,1729.0,1723.0,1012.0,826.0,1017.0,706.0,537.0,3340012.0
"Coconuts, in shell",Area harvested,237000.0,240000.0,265000.0,272000.0,278000.0,277309.0,284093.0,294860.0,304685.0,310000.0,312864.0,317711.0,316000.0,321000.0,337000.0,340000.0,344000.0,353000.0,351000.0,354300.0,360300.0,363100.0,349000.0,317000.0,315000.0,280000.0,320591.0,327812.0,325611.0,315500.0,315900.0,291000.0,266700.0,267000.0,248900.0,228200.0,222000.0,210000.0,200000.0,190000.0,182000.0,180000.0,179000.0,178000.0,175000.0,115000.0,119701.0,111925.0,100362.0,105659.0,106312.0,100996.0,87974.0,88092.0,73167.0,75151.0,74008.0,75072.0,76776.0,74518.0,72663.0,14174812.0,Production,1220000.0,1111000.0,1114000.0,1028000.0,1080000.0,1170000.0,1158000.0,1255000.0,1186000.0,1291000.0,1220000.0,1157000.0,1097000.0,1081000.0,1277000.0,1228000.0,1124000.0,1034000.0,1095000.0,1188000.0,1230000.0,1252000.0,1233000.0,1198000.0,1208000.0,1167000.0,1022000.0,1133000.0,1130000.0,1134000.0,1002000.0,1044000.0,1052000.0,1016000.0,1024000.0,929000.0,891000.0,756000.0,745200.0,734400.0,712000.0,712000.0,580000.0,624000.0,571000.0,512700.0,530040.0,555120.0,459640.0,550140.0,562556.0,624152.0,624727.0,595097.0,505614.0,504773.0,517588.55,495531.14,536605.71,560984.32,568894.25,55917762.97
"Coffee, green",Area harvested,7963.0,7656.0,7492.0,7762.0,7626.0,8600.0,8500.0,8500.0,9500.0,9841.0,9842.0,12000.0,13000.0,16000.0,16000.0,22000.0,13450.0,15436.0,15500.0,14100.0,14240.0,14770.0,14990.0,13680.0,13500.0,13755.0,15875.0,14879.0,13946.0,13100.0,13600.0,14500.0,14643.0,14780.0,14917.0,15133.0,18182.0,23342.0,26799.0,28106.0,25254.0,22979.0,21877.0,18603.0,18052.0,14082.0,8724.0,9063.0,6148.0,5098.0,5141.0,4277.0,3764.0,3722.0,1976.0,2030.0,2076.0,1477.0,1576.0,1558.0,1504.0,736486.0,Production,2700.0,2580.0,2820.0,3120.0,3120.0,3480.0,3420.0,3600.0,3780.0,3540.0,3960.0,4200.0,4920.0,5880.0,6240.0,8100.0,5400.0,6120.0,5880.0,10100.0,10400.0,11300.0,11900.0,11900.0,10900.0,10300.0,11500.0,9500.0,6732.0,7215.0,7600.0,9000.0,11100.0,11200.0,11300.0,15000.0,20000.0,28000.0,35000.0,39800.0,38500.0,39200.0,40000.0,39200.0,40000.0,32779.0,21213.0,23061.0,16332.0,15768.0,15064.0,10427.0,14739.0,8186.0,5929.0,7170.0,8109.18,3369.2,3558.5,4241.08,4150.55,773603.51
"Coir, raw",Area harvested,0.0,0.0,0.0,0.0,0.0,0.0,0.0,0.0,0.0,0.0,0.0,0.0,0.0,0.0,0.0,0.0,0.0,0.0,0.0,0.0,0.0,0.0,0.0,0.0,0.0,0.0,0.0,0.0,0.0,0.0,0.0,0.0,0.0,0.0,0.0,0.0,0.0,0.0,0.0,0.0,0.0,0.0,0.0,0.0,0.0,0.0,0.0,0.0,0.0,0.0,0.0,0.0,0.0,0.0,0.0,0.0,0.0,0.0,0.0,0.0,0.0,0.0,Production,48800.0,44500.0,44600.0,41200.0,43200.0,46800.0,46400.0,50200.0,47500.0,51700.0,48800.0,46300.0,43900.0,43300.0,51100.0,49200.0,45000.0,41400.0,43900.0,47600.0,49200.0,50100.0,49400.0,48000.0,48400.0,46700.0,40900.0,45400.0,45300.0,45400.0,40100.0,41800.0,42100.0,40700.0,41000.0,37100.0,35600.0,30200.0,29800.0,29400.0,28500.0,28500.0,23900.0,25700.0,23400.0,23400.0,23400.0,22204.0,18400.0,22000.0,22500.0,24300.0,24200.0,22280.0,21054.95,20245.72,19763.41,20539.16,20786.66,20717.34,20648.02,2238439.2600000007
Cucumbers and gherkins,Area harvested,250.0,250.0,220.0,240.0,200.0,240.0,300.0,340.0,615.0,670.0,630.0,700.0,850.0,800.0,1100.0,1000.0,1200.0,1270.0,1300.0,1160.0,1240.0,1250.0,1250.0,1110.0,710.0,1500.0,1420.0,1500.0,1600.0,1366.0,1500.0,1494.0,2000.0,2104.0,1801.0,1600.0,2000.0,2200.0,2100.0,1600.0,2000.0,1895.0,2228.0,2498.0,2813.0,3011.0,3050.0,2856.0,3780.0,3836.0,3969.0,4607.0,5161.0,4661.0,4371.0,4359.0,4401.0,4114.0,4999.0,5072.0,4831.0,123192.0,Production,5600.0,5600.0,4900.0,5300.0,4500.0,5400.0,6700.0,7600.0,13800.0,15000.0,14000.0,15700.0,19000.0,17900.0,24500.0,22400.0,27000.0,28500.0,29000.0,26000.0,27900.0,28200.0,28000.0,25000.0,16000.0,33500.0,31700.0,34000.0,36500.0,37000.0,30000.0,33000.0,47000.0,50000.0,43376.34,40000.0,50000.0,55000.0,52000.0,40000.0,50000.0,45000.0,49678.22,53080.28,55997.96,55539.0,56400.0,53922.0,76298.0,60719.0,67251.0,93114.0,119857.0,97331.0,100817.0,97621.0,88492.04,85134.12,103362.93,101481.97,96353.06,2644025.9200000004
"Edible roots and tubers with high starch or inulin content, n.e.c., fresh",Area harvested,19000.0,12000.0,22000.0,33000.0,25000.0,21000.0,20000.0,19000.0,15000.0,16000.0,14000.0,12000.0,14500.0,17500.0,16000.0,18000.0,18000.0,17000.0,16000.0,15000.0,15000.0,15000.0,14500.0,15000.0,13500.0,14500.0,14000.0,12000.0,6000.0,4000.0,1950.0,2000.0,2100.0,2300.0,2400.0,2250.0,2300.0,2150.0,2200.0,1750.0,1600.0,1500.0,1200.0,900.0,720.0,650.0,670.0,700.0,656.0,348.0,341.0,248.0,405.0,354.0,735.0,498.0,529.0,587.0,538.0,551.0,559.0,519189.0,Production,106000.0,64000.0,120000.0,182000.0,140000.0,115000.0,110000.0,105000.0,83000.0,87000.0,77000.0,66000.0,80000.0,90000.0,80000.0,97000.0,100000.0,95000.0,90000.0,85000.0,85000.0,85000.0,80000.0,85000.0,78000.0,80000.0,78000.0,65000.0,45000.0,32000.0,17800.0,18000.0,19600.0,21800.0,22700.0,19800.0,21000.0,20000.0,20100.0,16000.0,14200.0,13500.0,10000.0,8700.0,7000.0,6200.0,6450.0,6500.0,6366.0,2887.0,2802.0,2079.0,2934.0,3541.0,4857.0,3777.33,4058.44,4230.93,4022.23,4103.87,4119.01,3004127.81
"Fibre Crops, Fibre Equivalent",Area harvested,0.0,0.0,0.0,0.0,0.0,0.0,0.0,0.0,0.0,0.0,0.0,0.0,0.0,0.0,0.0,0.0,0.0,0.0,0.0,0.0,0.0,0.0,0.0,0.0,0.0,0.0,0.0,0.0,0.0,0.0,2007.0,2010.0,2012.0,2015.0,2018.0,2021.0,2024.0,2028.0,2031.0,2034.0,2037.0,2041.0,2044.0,2062.0,2094.0,2128.0,2164.0,2202.0,2241.0,2283.0,2254.0,2144.0,2051.0,2395.0,2805.0,3107.0,2213.0,2068.0,1730.0,1626.0,1545.0,65434.0,Production,0.0,0.0,0.0,0.0,0.0,0.0,0.0,0.0,0.0,0.0,0.0,0.0,0.0,0.0,0.0,0.0,0.0,0.0,0.0,0.0,0.0,0.0,0.0,0.0,0.0,0.0,0.0,0.0,0.0,0.0,9338.29,9276.61,9214.93,9153.25,9091.58,9029.9,8968.22,8906.54,8844.87,8783.19,8721.51,8659.83,8598.16,8536.48,8474.8,8413.12,8351.45,8289.77,8228.09,8166.41,8231.86,8074.72,7081.0,7573.0,11602.0,10340.0,3267.96,10012.0,7183.0,6450.0,3815.0,258677.53999999998
Fruit Primary,Area harvested,42540.0,45440.0,45020.0,47150.0,50190.0,42070.0,42750.0,44080.0,45970.0,50140.0,57140.0,48750.0,42050.0,47050.0,44370.0,48850.0,47675.0,46590.0,48650.0,56581.0,56905.0,54606.0,48396.0,53152.0,88696.0,89691.0,97795.0,96419.0,97014.0,100276.0,98902.0,97308.0,104364.0,103115.0,101776.0,100764.0,97449.0,103395.0,100215.0,97278.0,94719.0,100761.0,105538.0,107273.0,103580.0,97029.0,92552.0,91112.0,95067.0,92283.0,112977.0,103414.0,98307.0,100438.0,90217.0,90830.0,94241.0,89967.0,86689.0,86035.0,86148.0,4749749.0,Production,687200.0,732618.0,722000.0,746100.0,802275.0,710396.0,731650.0,742300.0,831900.0,910100.0,958700.0,949550.0,902700.0,957250.0,908300.0,977689.0,990415.0,1002210.0,1036870.0,1043073.0,995400.0,1023631.0,994600.0,1016900.0,1035727.0,1061700.0,1113073.0,1134712.0,1179590.0,1178638.0,1206757.5,1226468.96,1275634.71,1303096.0,1303694.52,1319029.3,1292784.88,1395727.15,1313235.4,1333937.18,1353458.16,1376054.22,1440510.33,1399051.14,1322136.88,1201157.62,1059525.47,1187802.0,1177812.0,1202850.0,1180404.0,1167125.0,1080314.69,1180239.88,1328907.98,1294614.29,1293625.81,1174303.38,1163304.99,1150136.07,1157994.48,66938960.989999995
"Ginger, raw",Area harvested,550.0,600.0,500.0,600.0,750.0,700.0,450.0,430.0,500.0,600.0,700.0,750.0,650.0,550.0,650.0,650.0,500.0,700.0,700.0,800.0,650.0,550.0,500.0,1100.0,950.0,950.0,900.0,910.0,970.0,1000.0,1100.0,1300.0,1500.0,1588.0,1700.0,1562.0,1403.0,1300.0,1000.0,807.0,979.0,935.0,897.0,906.0,880.0,871.0,880.0,1089.0,1198.0,1061.0,864.0,903.0,893.0,1048.0,965.0,940.0,974.0,846.0,788.0,861.0,706.0,53554.0,Production,1300.0,1600.0,1300.0,1600.0,1900.0,1800.0,1100.0,1100.0,1300.0,1600.0,1800.0,1900.0,1700.0,1400.0,1700.0,1700.0,1300.0,1800.0,1800.0,2100.0,1700.0,1400.0,1300.0,2800.0,2400.0,2400.0,2300.0,2400.0,2600.0,2700.0,3000.0,3500.0,4000.0,4217.04,4500.0,4246.15,3865.64,3500.0,2500.0,2491.46,4435.56,5502.5,6564.26,8647.96,9304.82,9966.0,10150.0,10544.0,9402.0,8337.0,7459.0,8727.0,8831.0,10775.0,12924.0,13361.94,14278.67,13485.3,11412.76,11751.22,8718.61,294198.88999999996
"Groundnuts, excluding shelled",Area harvested,1928.0,2131.0,2088.0,2993.0,2760.0,2458.0,2758.0,3816.0,3062.0,3201.0,3112.0,5208.0,6373.0,5832.0,7936.0,6744.0,6700.0,6200.0,6600.0,6788.0,8500.0,5742.0,4235.0,1900.0,1700.0,1300.0,1850.0,1520.0,1260.0,1350.0,1400.0,1400.0,1441.0,1414.0,1421.0,1000.0,900.0,600.0,500.0,379.0,239.0,354.0,300.0,350.0,350.0,238.0,224.0,176.0,190.0,189.0,154.0,119.0,127.0,142.0,93.0,79.0,71.0,66.0,87.0,71.0,67.0,132186.0,Production,3300.0,3623.0,3600.0,5100.0,4750.0,4600.0,5000.0,7100.0,5300.0,10200.0,10800.0,18500.0,22800.0,20800.0,28200.0,24200.0,24000.0,21800.0,23300.0,16441.0,34340.0,18786.0,17931.0,7000.0,6500.0,4800.0,6800.0,5700.0,4700.0,5000.0,5200.0,5200.0,5332.0,5232.0,5258.0,4500.0,3500.0,3000.0,2500.0,1937.0,1336.0,1320.0,1581.0,1696.0,1700.0,803.0,823.0,706.0,657.0,578.0,507.0,615.0,534.0,1564.0,382.0,230.8,233.74,177.83,261.7,226.53,165.56,432728.16000000003
"Kenaf, and other textile bast fibres, raw or retted",Area harvested,0.0,0.0,0.0,0.0,0.0,0.0,0.0,0.0,0.0,0.0,0.0,0.0,0.0,0.0,0.0,0.0,0.0,0.0,0.0,0.0,0.0,0.0,0.0,0.0,0.0,0.0,0.0,0.0,0.0,0.0,2007.0,2010.0,2012.0,2015.0,2018.0,2021.0,2024.0,2028.0,2031.0,2034.0,2037.0,2041.0,2044.0,2062.0,2094.0,2128.0,2164.0,2202.0,2241.0,2283.0,2254.0,2144.0,2051.0,2395.0,2805.0,3107.0,2213.0,2068.0,1730.0,1626.0,1545.0,65434.0,Production,0.0,0.0,0.0,0.0,0.0,0.0,0.0,0.0,0.0,0.0,0.0,0.0,0.0,0.0,0.0,0.0,0.0,0.0,0.0,0.0,0.0,0.0,0.0,0.0,0.0,0.0,0.0,0.0,0.0,0.0,9338.29,9276.61,9214.93,9153.25,9091.58,9029.9,8968.22,8906.54,8844.87,8783.19,8721.51,8659.83,8598.16,8536.48,8474.8,8413.12,8351.45,8289.77,8228.09,8166.41,8231.86,8074.72,7081.0,7573.0,11602.0,10340.0,3267.96,10012.0,7183.0,6450.0,3815.0,258677.53999999998
Lemons and limes,Area harvested,300.0,350.0,400.0,500.0,540.0,570.0,450.0,380.0,370.0,390.0,440.0,450.0,500.0,550.0,520.0,450.0,400.0,350.0,350.0,750.0,750.0,680.0,600.0,550.0,700.0,700.0,750.0,730.0,710.0,770.0,830.0,880.0,930.0,660.0,685.0,500.0,700.0,700.0,800.0,871.0,958.0,1073.0,1171.0,1729.0,1656.0,1541.0,1518.0,1109.0,720.0,746.0,848.0,967.0,1310.0,989.0,850.0,1013.0,1011.0,2227.0,2135.0,2030.0,1893.0,51000.0,Production,900.0,1000.0,1200.0,1500.0,1600.0,1700.0,1350.0,1100.0,1100.0,1200.0,1300.0,1350.0,1500.0,1650.0,1550.0,1500.0,1600.0,1600.0,1800.0,4000.0,4200.0,4000.0,3600.0,3400.0,4300.0,4400.0,4850.0,4800.0,4700.0,4900.0,5000.0,5000.0,4883.0,3546.0,3597.0,2500.0,3500.0,3500.0,4000.0,4517.92,5005.69,5645.11,6276.4,8391.95,8769.08,8544.52,8676.0,7699.0,4885.0,4147.0,4462.0,6086.0,9293.0,7477.0,7587.0,7072.0,6960.98,19883.28,19724.29,18248.32,18691.91,307219.44999999995
Lettuce and chicory,Area harvested,0.0,0.0,0.0,0.0,0.0,0.0,0.0,0.0,0.0,0.0,0.0,0.0,0.0,0.0,0.0,0.0,0.0,0.0,0.0,0.0,0.0,0.0,0.0,0.0,0.0,0.0,0.0,0.0,0.0,0.0,0.0,0.0,0.0,0.0,500.0,500.0,500.0,500.0,500.0,500.0,500.0,500.0,500.0,500.0,500.0,500.0,654.0,707.0,1182.0,2322.0,2460.0,2069.0,3346.0,3127.0,3182.0,3017.0,2323.0,2726.0,2810.0,3173.0,4441.0,43539.0,Production,0.0,0.0,0.0,0.0,0.0,0.0,0.0,0.0,0.0,0.0,0.0,0.0,0.0,0.0,0.0,0.0,0.0,0.0,0.0,0.0,0.0,0.0,0.0,0.0,0.0,0.0,0.0,0.0,0.0,0.0,0.0,0.0,0.0,0.0,6000.0,6000.0,6000.0,6000.0,6000.0,6000.0,6000.0,6000.0,6000.0,6000.0,6000.0,6000.0,10483.0,7945.0,19662.0,40026.0,35203.0,39817.0,64993.0,67320.0,66006.0,65268.0,40358.27,46113.6,48737.76,54583.69,75545.81,754062.1300000001
Maize (corn),Area harvested,6664.0,6461.0,9237.0,8928.0,8349.0,7843.0,6567.0,8806.0,9077.0,7629.0,6390.0,6882.0,6466.0,9400.0,11174.0,16156.0,10625.0,10800.0,7000.0,7000.0,7000.0,8000.0,14000.0,14000.0,15000.0,15000.0,17000.0,18000.0,19000.0,20000.0,20000.0,21000.0,20000.0,20000.0,23000.0,25000.0,26000.0,27000.0,27000.0,27000.0,22000.0,23000.0,24000.0,24000.0,25000.0,25000.0,6606.0,6315.0,7176.0,8600.0,9759.0,9322.0,9720.0,9707.0,10030.0,10042.0,10477.0,9548.0,7308.0,9261.0,10049.0,831374.0,Production,8000.0,8000.0,15000.0,12000.0,10000.0,9939.0,12650.0,14302.0,16556.0,16208.0,12083.0,15000.0,15519.0,23257.0,14318.0,25500.0,18000.0,11900.0,8000.0,8000.0,8000.0,9000.0,20000.0,22000.0,25000.0,26000.0,30000.0,32000.0,34000.0,35000.0,35000.0,36000.0,38000.0,40000.0,43000.0,45000.0,48000.0,50000.0,57000.0,65000.0,67000.0,70000.0,72000.0,72000.0,75000.0,80000.0,32075.0,32959.0,36396.0,47602.0,59842.0,83601.0,86499.0,59188.0,62460.0,64867.0,72560.52,68906.65,60497.87,68207.37,74718.65,2318612.06
"Mangoes, guavas and mangosteens",Area harvested,1000.0,1500.0,1200.0,1300.0,1000.0,1350.0,1400.0,1450.0,1500.0,1000.0,1100.0,1300.0,1700.0,1950.0,2200.0,2300.0,2650.0,3900.0,4400.0,8700.0,8600.0,8400.0,8900.0,8800.0,9500.0,7800.0,8600.0,8600.0,8600.0,8600.0,8600.0,6800.0,6282.0,5677.0,5728.0,5800.0,5800.0,4600.0,4000.0,5122.0,5043.0,5083.0,5100.0,5323.0,5702.0,5616.0,5640.0,5453.0,5089.0,4598.0,14455.0,12862.0,11138.0,11977.0,8344.0,8379.0,9571.0,8073.0,8321.0,6808.0,7117.0,347401.0,Production,3400.0,5000.0,4000.0,4600.0,3400.0,4600.0,4700.0,4900.0,5100.0,3400.0,3800.0,4600.0,5700.0,6800.0,7600.0,8000.0,9100.0,13300.0,14100.0,18000.0,17700.0,16200.0,18500.0,30400.0,32900.0,27100.0,30000.0,30000.0,30000.0,31000.0,34840.72,30268.96,31410.0,28385.0,28640.0,29000.0,29000.0,23000.0,19000.0,19568.0,19572.0,19570.0,19650.0,22123.93,25043.0,26247.0,27270.0,23573.0,21302.0,22596.0,67681.0,78676.0,69266.0,77198.0,98315.0,102046.0,113824.07,75994.07,81233.86,74012.0,75849.0,1812054.61
Natural rubber in primary forms,Area harvested,1300000.0,1300000.0,1400000.0,1400000.0,1500000.0,1400000.0,1400000.0,1400000.0,1500000.0,1500000.0,1550000.0,1600000.0,1850000.0,1820000.0,1700000.0,1800000.0,1800000.0,1890000.0,1670000.0,1615000.0,1620000.0,1620000.0,1585000.0,1575000.0,1535000.0,1535000.0,1535000.0,1660000.0,1645000.0,1614000.0,1818700.0,1792300.0,1767800.0,1738000.0,1688800.0,1649500.0,1616400.0,1555700.0,1464750.0,1430680.0,1389320.0,1348810.0,1325611.0,1278800.0,1271280.0,1263590.0,1248010.0,1247030.0,1028230.0,1020400.0,1027040.0,1041190.0,1057271.0,1065600.0,1074386.0,1077993.0,1081698.0,1082992.0,1113131.0,1139140.0,1137140.0,88160292.0,Production,789679.0,793561.0,830956.0,870761.0,916906.0,972838.0,990449.0,1100287.0,1268017.0,1269353.0,1318610.0,1304363.0,1542523.0,1524803.0,1459331.0,1612481.0,1588053.0,1582453.0,1570127.0,1530000.0,1510221.0,1494182.0,1563716.0,1530583.0,1469453.0,1538638.0,1578700.0,1661600.0,1415300.0,1291500.0,1257200.0,1173200.0,1074300.0,1100600.0,1088900.0,1082400.0,971100.0,885700.0,768900.0,927600.0,882000.0,889800.0,985600.0,1168735.18,1126023.16,1283640.15,1199571.48,1072372.81,857286.24,939243.79,996337.04,923020.0,826424.36,668613.0,722122.0,673513.0,740138.0,603329.0,639830.0,514702.0,469669.0,68401314.21
"Nutmeg, mace, cardamoms, raw",Area harvested,1300.0,500.0,700.0,1200.0,700.0,500.0,500.0,500.0,500.0,550.0,650.0,550.0,500.0,500.0,500.0,500.0,500.0,500.0,500.0,750.0,750.0,730.0,780.0,700.0,800.0,900.0,950.0,1000.0,1200.0,1300.0,1980.0,1628.0,1400.0,1450.0,1028.0,854.0,700.0,1400.0,591.0,480.0,406.0,344.0,261.0,195.0,155.0,75.0,70.0,62.0,57.0,47.0,32.0,19.0,70.0,14.0,22.0,23.0,23.0,22.0,14.0,15.0,5.0,34952.0,Production,550.0,200.0,300.0,500.0,300.0,210.0,210.0,210.0,210.0,235.0,300.0,230.0,210.0,210.0,210.0,210.0,210.0,210.0,210.0,325.0,325.0,320.0,340.0,305.0,345.0,390.0,410.0,435.0,520.0,565.0,596.91,570.0,610.0,630.0,516.59,474.99,300.0,600.0,449.0,422.95,411.16,397.45,339.64,321.66,285.4,254.28,226.34,197.03,178.95,145.8,95.82,73.0,166.0,22.0,61.0,56.67,94.59,105.42,33.69,42.72,33.0,17917.059999999994
Oil palm fruit,Area harvested,43302.0,46175.0,49073.0,52900.0,59000.0,67400.0,78500.0,99100.0,125400.0,149900.0,184000.0,235100.0,278300.0,329800.0,385666.0,454009.0,521486.0,603087.0,670299.0,777388.0,848143.0,888619.0,1010879.0,1072451.0,1201010.0,1360579.0,1373147.0,1530905.0,1672096.0,1746054.0,2094028.0,2197660.0,2305925.0,2411999.0,2540087.0,2692286.0,2893089.0,3078116.0,3313393.0,3376664.0,3499012.0,3670243.0,3802040.0,3875327.0,4051374.0,4165215.0,4304913.0,4487957.0,4691160.0,4853766.0,5000109.0,5076929.0,5229739.0,4689321.0,4859397.0,5001438.0,5110713.0,5189344.0,5216822.0,5231743.0,5144180.0,141967757.0,Production,500000.0,570000.0,662000.0,647000.0,792000.0,949000.0,1129000.0,1415000.0,1761000.0,2155000.0,2902000.0,3422000.0,3870000.0,4981000.0,6200000.0,6500000.0,7500000.0,9900000.0,10700000.0,12800000.0,14400000.0,17900000.0,15400000.0,19500000.0,21400000.0,23100000.0,22800000.0,25300000.0,30600000.0,31000000.0,31500000.0,33200000.0,39700000.0,38800000.0,42200000.0,44030000.0,47670000.0,43840000.0,55000000.0,56600000.0,58950000.0,59546000.0,66775000.0,69881000.0,74800000.0,79400000.0,79014140.0,87749840.0,85705499.0,83090935.0,92917496.0,94917736.0,94917736.0,95380438.0,98344073.0,86325309.0,101740900.0,98419438.0,99065364.0,96969316.0,91393666.0,2528598886.0
"Oilcrops, Cake Equivalent",Area harvested,0.0,0.0,0.0,0.0,0.0,0.0,0.0,0.0,0.0,0.0,0.0,0.0,0.0,0.0,0.0,0.0,0.0,0.0,0.0,0.0,0.0,0.0,0.0,0.0,0.0,0.0,0.0,0.0,0.0,0.0,2501294.0,2585026.0,2679066.0,2778413.0,2898408.0,3049486.0,3233964.0,3408716.0,3637901.0,3694709.0,3812825.0,3985794.0,4119988.0,4195186.0,4376724.0,4426193.0,4571068.0,4746725.0,4938861.0,5099614.0,5255124.0,5323044.0,5469959.0,4932241.0,5087999.0,5234109.0,5349711.0,5434059.0,5475966.0,5484602.0,5393932.0,133180707.0,Production,118069.0,112857.0,115952.0,108574.0,117739.0,135181.0,135785.0,163478.0,158477.0,190359.0,203086.0,218404.0,242423.0,271107.0,327419.0,325441.0,378095.0,446739.0,478306.0,557679.0,623808.0,719783.0,644797.0,765707.0,825611.0,875909.0,849707.0,930168.0,1088908.0,1107822.0,1118417.0,1177983.0,1387826.0,1352628.0,1465358.0,1526566.0,1631435.0,1501428.0,1852260.0,1903607.0,1977577.0,1998703.0,2216297.0,2319253.0,2470086.0,2611901.0,2603643.0,2880528.0,2811445.0,2738668.0,3049392.0,3119599.0,3121604.0,3136200.0,3223947.0,2851092.0,3338816.0,3237735.0,3271867.0,3206337.0,3032996.0,87372584.0
"Oilcrops, Oil Equivalent",Area harvested,0.0,0.0,0.0,0.0,0.0,0.0,0.0,0.0,0.0,0.0,0.0,0.0,0.0,0.0,0.0,0.0,0.0,0.0,0.0,0.0,0.0,0.0,0.0,0.0,0.0,0.0,0.0,0.0,0.0,0.0,2501294.0,2585026.0,2679066.0,2778413.0,2898408.0,3049486.0,3233964.0,3408716.0,3637901.0,3694709.0,3812825.0,3985794.0,4119988.0,4195186.0,4376724.0,4426193.0,4571068.0,4746725.0,4938861.0,5099614.0,5255124.0,5323044.0,5469959.0,4932241.0,5087999.0,5234109.0,5349711.0,5434059.0,5475966.0,5484602.0,5393932.0,133180707.0,Production,270193.42,271952.5,292353.36,278059.36,316569.6,365087.8,400714.9,481291.2,542272.6,647783.3,798724.2,906598.0,1004174.6,1241207.6,1534113.4,1588846.8,1807832.6,2318612.6,2501662.7,2973159.5,3335160.0,4090436.7,3546123.7,4430441.62,4845034.86,5209711.08,5123180.72,5678280.54,6827870.54,6918520.36,7012960.46,7389923.52,8808579.6,8605929.6,9349817.4,9741448.0,10525632.58,9674764.0,12103473.15,12451312.75,12960915.27,13091868.78,14649072.2,15331935.1,16396220.0,17390981.99,17310472.02,19215770.16,18759673.06,18203279.06,20344716.25,20789423.61,20790468.63,20888679.46,21523023.76,18908713.19,22267678.72,21544211.38,21695460.46,21241483.95,20029237.0,559543095.27
Okra,Area harvested,0.0,0.0,0.0,0.0,0.0,0.0,0.0,0.0,0.0,0.0,0.0,0.0,0.0,0.0,0.0,0.0,0.0,0.0,0.0,0.0,0.0,0.0,0.0,0.0,0.0,0.0,0.0,0.0,0.0,340.0,240.0,240.0,490.0,490.0,490.0,730.0,730.0,730.0,970.0,970.0,970.0,1210.0,1210.0,1210.0,1450.0,1450.0,1450.0,1527.0,1702.0,2295.0,2350.0,2157.0,2703.0,3120.0,3326.0,3127.0,3411.0,3250.0,3781.0,3600.0,3885.0,55604.0,Production,0.0,0.0,0.0,0.0,0.0,0.0,0.0,0.0,0.0,0.0,0.0,0.0,0.0,0.0,0.0,0.0,0.0,0.0,0.0,0.0,0.0,0.0,0.0,0.0,0.0,0.0,0.0,0.0,0.0,3500.0,2500.0,2500.0,5000.0,5000.0,5000.0,7500.0,7500.0,7500.0,10000.0,10000.0,10000.0,12500.0,12500.0,12500.0,15000.0,15000.0,15000.0,17858.0,25739.0,26267.0,28871.0,27660.0,34370.0,45130.0,50778.0,49057.0,53937.18,52318.36,58203.77,57860.63,63096.56,749646.5
Oranges,Area harvested,1300.0,1500.0,1500.0,1800.0,2250.0,2000.0,2300.0,2800.0,3250.0,3900.0,3700.0,2500.0,2550.0,2400.0,2500.0,2000.0,2250.0,2200.0,2400.0,2500.0,2200.0,2000.0,1500.0,1400.0,1500.0,1500.0,1800.0,1800.0,1800.0,2042.0,1581.0,1700.0,1734.0,1767.0,1770.0,1800.0,1904.0,1972.0,2000.0,2128.0,2227.0,2321.0,2399.0,2795.0,2651.0,2640.0,2648.0,2140.0,2504.0,2550.0,5050.0,2993.0,3108.0,2965.0,1643.0,1557.0,1517.0,1028.0,1215.0,1168.0,1069.0,131686.0,Production,6500.0,7500.0,7500.0,9000.0,11000.0,10000.0,11500.0,14000.0,16000.0,19500.0,18500.0,12500.0,12500.0,12000.0,12500.0,10000.0,11200.0,11000.0,12000.0,12500.0,11000.0,10000.0,7500.0,7000.0,8200.0,8300.0,9900.0,10000.0,10800.0,10652.0,9616.78,10200.0,10404.0,10602.0,10620.0,11000.0,11830.28,12262.63,12000.0,13391.26,14161.6,15282.0,16111.23,19039.02,18510.86,18830.3,20604.0,17271.0,20586.0,21009.0,22580.0,16252.0,18666.0,16622.0,15537.0,13448.0,13244.57,10140.41,11006.22,10511.47,9737.67,781629.3
"Other citrus fruit, n.e.c.",Area harvested,1500.0,1400.0,1300.0,1500.0,1200.0,1400.0,1600.0,1200.0,1200.0,2200.0,2200.0,2000.0,1400.0,1100.0,1300.0,1600.0,1200.0,1700.0,1500.0,700.0,1000.0,550.0,900.0,1000.0,520.0,520.0,520.0,520.0,520.0,533.0,575.0,478.0,605.0,531.0,630.0,639.0,617.0,534.0,700.0,900.0,991.0,1100.0,1267.0,1472.0,2000.0,2800.0,3500.0,1000.0,1000.0,1000.0,1000.0,0.0,674.0,1044.0,664.0,794.0,813.0,757.0,788.0,786.0,777.0,66219.0,Production,4500.0,4200.0,3900.0,4500.0,3600.0,4200.0,4800.0,3600.0,3600.0,6600.0,6600.0,6000.0,4200.0,3300.0,3900.0,4800.0,3600.0,5100.0,4500.0,2500.0,3000.0,1700.0,2700.0,3000.0,3000.0,3000.0,3000.0,3000.0,3000.0,3100.0,3000.0,2500.0,3179.71,2800.0,3334.17,3391.77,3276.29,3000.0,4000.0,5000.0,5430.25,6000.0,6772.7,7702.73,10000.0,13500.0,16000.0,6000.0,6000.0,6000.0,6000.0,0.0,3929.56,5297.42,3091.48,4106.15,3964.51,3720.71,3930.46,3871.9,3841.02,275140.83000000013
"Other fruits, n.e.c.",Area harvested,0.0,0.0,0.0,0.0,0.0,0.0,0.0,0.0,0.0,0.0,0.0,0.0,0.0,0.0,0.0,0.0,0.0,0.0,0.0,0.0,0.0,0.0,0.0,0.0,7100.0,7100.0,7100.0,7100.0,7100.0,8055.0,8000.0,8200.0,8300.0,8400.0,8514.0,8500.0,8846.0,9009.0,9209.0,8611.0,10013.0,10666.0,12400.0,11669.0,11899.0,12100.0,12294.0,12800.0,13000.0,13000.0,12900.0,12700.0,13550.0,14005.0,14117.0,14197.0,14289.0,14742.0,14409.0,14480.0,14544.0,402918.0,Production,10000.0,10000.0,8000.0,8000.0,11000.0,18000.0,19000.0,20000.0,21000.0,22000.0,23000.0,24000.0,25000.0,26000.0,28000.0,29000.0,29000.0,40000.0,45000.0,50000.0,45000.0,46000.0,45000.0,40000.0,45000.0,46000.0,47000.0,50000.0,52000.0,51286.0,54000.0,57000.0,60000.0,63000.0,63190.5,64000.0,66083.14,67464.52,69235.4,65000.0,75894.62,81166.11,95000.0,89269.52,91113.94,92714.4,94240.47,98000.0,99500.0,100000.0,102000.0,98000.0,104045.17,106952.79,109780.97,111437.41,112957.38,111391.92,111928.9,112092.73,111804.52,3671550.4099999997
"Other oil seeds, n.e.c.",Area harvested,6000.0,8000.0,8000.0,7000.0,8000.0,17000.0,10000.0,27000.0,11000.0,26500.0,18000.0,20000.0,42000.0,35000.0,35000.0,25000.0,75000.0,78000.0,80000.0,95000.0,105000.0,90000.0,98000.0,98000.0,98000.0,100000.0,90000.0,80000.0,70000.0,80000.0,89966.0,94966.0,105000.0,98000.0,108000.0,128000.0,117975.0,120000.0,124008.0,127666.0,131574.0,135197.0,138648.0,141509.0,150000.0,145740.0,146230.0,146667.0,147149.0,140000.0,148549.0,145000.0,152119.0,154686.0,155342.0,157441.0,164918.0,169577.0,182281.0,178270.0,177023.0,5862001.0,Production,6000.0,8000.0,8000.0,7000.0,8000.0,17000.0,10000.0,27000.0,11000.0,26500.0,18000.0,20000.0,42000.0,35000.0,35000.0,25000.0,75000.0,78000.0,80000.0,95000.0,105000.0,90000.0,98000.0,98000.0,98000.0,100000.0,90000.0,80000.0,70000.0,80000.0,89134.87,94411.74,105000.0,98000.0,108000.0,128000.0,119201.92,120000.0,126157.15,130332.16,134781.57,139010.59,143192.99,147335.66,150000.0,155500.31,159476.87,163425.25,167353.93,170000.0,175282.47,180000.0,183315.21,186881.13,191696.86,195454.06,205007.48,212230.92,230000.0,226549.56,226564.52,6401797.22
"Other stimulant, spice and aromatic crops, n.e.c.",Area harvested,0.0,0.0,0.0,0.0,0.0,0.0,0.0,0.0,0.0,0.0,0.0,0.0,0.0,0.0,0.0,0.0,0.0,0.0,0.0,0.0,0.0,0.0,0.0,0.0,0.0,0.0,0.0,0.0,0.0,0.0,0.0,0.0,0.0,0.0,0.0,0.0,0.0,0.0,0.0,0.0,0.0,0.0,0.0,0.0,0.0,0.0,0.0,40.0,80.0,67.0,70.0,65.0,70.0,71.0,72.0,72.0,73.0,74.0,73.0,74.0,75.0,976.0,Production,0.0,0.0,0.0,0.0,0.0,0.0,0.0,0.0,0.0,0.0,0.0,0.0,0.0,0.0,0.0,0.0,0.0,0.0,0.0,0.0,0.0,0.0,0.0,0.0,0.0,0.0,0.0,0.0,0.0,0.0,0.0,0.0,0.0,0.0,0.0,0.0,0.0,0.0,0.0,0.0,0.0,0.0,0.0,0.0,0.0,0.0,0.0,340.0,912.0,660.49,680.0,650.0,709.27,714.31,722.43,737.39,742.32,750.34,747.43,755.99,751.25,9873.22
"Other tropical fruits, n.e.c.",Area harvested,0.0,0.0,0.0,0.0,0.0,0.0,0.0,0.0,0.0,0.0,0.0,0.0,0.0,0.0,0.0,0.0,0.0,0.0,0.0,0.0,0.0,0.0,0.0,0.0,29000.0,34000.0,36000.0,36000.0,36500.0,35000.0,33635.0,31846.0,36015.0,34645.0,33149.0,33271.0,30000.0,33000.0,31000.0,31386.0,31482.0,31558.0,32000.0,29646.0,26374.0,22721.0,19200.0,18342.0,17155.0,17000.0,17000.0,16500.0,16803.0,16470.0,15609.0,16294.0,16119.0,15401.0,15938.0,15819.0,15719.0,957597.0,Production,100000.0,105000.0,110000.0,105000.0,107000.0,126000.0,129000.0,131000.0,134000.0,136000.0,140000.0,142000.0,144000.0,150000.0,160000.0,170000.0,190000.0,200000.0,210000.0,200000.0,150000.0,180000.0,190000.0,200000.0,205000.0,245000.0,260000.0,265000.0,270000.0,250000.0,243000.0,230000.0,260000.0,250000.0,240000.0,240000.0,220000.0,230000.0,220000.0,220000.0,220000.0,220000.0,230000.0,201000.0,173000.0,144000.0,115000.0,103732.0,95125.0,95000.0,90000.0,92000.0,89023.97,84292.67,77326.54,83547.72,82350.75,81075.0,82324.49,81916.75,81772.08,9979486.97
"Other vegetables, fresh n.e.c.",Area harvested,9670.0,10000.0,9220.0,9610.0,9630.0,9800.0,5900.0,17000.0,16300.0,16550.0,15500.0,20000.0,11900.0,9500.0,12100.0,12000.0,12000.0,11500.0,12000.0,12300.0,12400.0,12700.0,13500.0,13200.0,14000.0,14000.0,14000.0,14000.0,14000.0,14500.0,15000.0,16000.0,17000.0,18000.0,19000.0,16000.0,19000.0,17000.0,18000.0,18500.0,18500.0,18500.0,19000.0,20598.0,21238.0,21885.0,23095.0,23820.0,24508.0,25162.0,25779.0,28000.0,26885.0,27767.0,28460.0,28753.0,29404.0,28872.0,29010.0,29096.0,28993.0,1079605.0,Production,87000.0,91000.0,83000.0,86000.0,87000.0,94000.0,54000.0,170000.0,160000.0,182000.0,153000.0,219000.0,135000.0,105000.0,141000.0,139000.0,137000.0,134000.0,132000.0,138000.0,140000.0,142000.0,157000.0,153000.0,161000.0,161000.0,175000.0,177000.0,181000.0,189000.0,191000.0,200000.0,225000.0,240000.0,250000.0,200000.0,260000.0,230000.0,235000.0,250000.0,245000.0,240000.0,250000.0,285540.78,302373.6,320746.01,355816.53,380272.73,405505.78,431405.24,457765.71,560000.0,511580.15,545371.75,578627.67,545193.19,569796.75,564539.2,559843.05,564726.33,563036.19,15681140.66
Papayas,Area harvested,200.0,150.0,250.0,250.0,250.0,250.0,300.0,350.0,350.0,350.0,500.0,600.0,600.0,800.0,1000.0,1100.0,975.0,1000.0,1250.0,2150.0,2350.0,1600.0,1200.0,3000.0,3000.0,3000.0,2700.0,2700.0,2700.0,3700.0,3700.0,3800.0,4500.0,5200.0,5400.0,5100.0,5100.0,5300.0,5600.0,6000.0,6500.0,7000.0,7800.0,7000.0,5400.0,4300.0,2190.0,2317.0,3648.0,2668.0,2462.0,2031.0,1934.0,2771.0,2514.0,3980.0,2738.0,1858.0,2194.0,2267.0,2524.0,164421.0,Production,1900.0,1250.0,2400.0,2500.0,2500.0,2800.0,3100.0,3400.0,3100.0,3200.0,5000.0,6000.0,6000.0,8000.0,10000.0,10000.0,9000.0,9000.0,12000.0,18000.0,22000.0,15000.0,12000.0,25000.0,25000.0,25000.0,27000.0,26600.0,26500.0,36500.0,37000.0,38000.0,45000.0,52000.0,54000.0,51000.0,51000.0,53000.0,56000.0,60000.0,65000.0,70000.0,78000.0,70000.0,65000.0,60000.0,36937.0,45993.0,45812.0,44704.0,43640.0,35634.0,31748.0,55358.0,60625.0,65967.0,83796.99,52917.16,53681.16,61775.75,60844.23,2044183.2899999998
"Pepper (Piper spp.), raw",Area harvested,5000.0,6000.0,6000.0,5000.0,8000.0,6000.0,9000.0,6800.0,7612.0,6950.0,7407.0,7254.0,7930.0,8630.0,9225.0,9956.0,10647.0,11520.0,12160.0,12720.0,13405.0,12800.0,12755.0,10550.0,5413.0,6120.0,9704.0,9607.0,10872.0,11512.0,11226.0,10157.0,9101.0,8655.0,9837.0,9824.0,10286.0,11448.0,12287.0,13415.0,13468.0,13600.0,13800.0,12990.0,12722.0,12128.0,13023.0,13487.0,13608.0,11012.0,11130.0,10833.0,9835.0,16021.0,16333.0,16768.0,17087.0,7176.0,7299.0,8022.0,7754.0,630881.0,Production,15000.0,16000.0,17000.0,15000.0,20000.0,16129.0,22781.0,27730.0,32892.0,31600.0,28000.0,27837.0,24296.0,30206.0,32885.0,38928.0,30068.0,36818.0,42005.0,31570.0,28846.0,25258.0,23548.0,16626.0,19070.0,15380.0,14185.0,20000.0,27604.0,31191.0,29065.0,26515.0,18003.0,16370.0,15796.0,16042.0,18035.0,19093.0,21620.0,24114.0,27100.0,24092.0,21108.0,20098.0,19099.0,19092.0,20090.0,22218.0,21915.0,24227.0,25600.0,26000.0,26500.0,27500.0,28300.0,29245.0,30433.0,32292.0,33940.0,30804.0,31636.0,1504395.0
Pineapples,Area harvested,10000.0,12000.0,12000.0,14000.0,16000.0,16000.0,17000.0,18000.0,19000.0,19000.0,19000.0,17000.0,16500.0,16000.0,14000.0,14000.0,13000.0,12500.0,12500.0,12102.0,12000.0,12000.0,11500.0,11000.0,11000.0,10300.0,7900.0,7800.0,8000.0,9076.0,9081.0,8904.0,8366.0,7730.0,7895.0,7054.0,6882.0,7580.0,8106.0,7271.0,8533.0,9980.0,10000.0,10000.0,10300.0,10600.0,11780.0,13291.0,13333.0,10567.0,14922.0,13096.0,10580.0,9456.0,10551.0,10354.0,10131.0,11356.0,10928.0,11317.0,11370.0,711492.0,Production,167300.0,198768.0,192500.0,221400.0,258375.0,258166.0,279800.0,283000.0,306400.0,308400.0,301400.0,288100.0,262700.0,257600.0,211800.0,200989.0,200215.0,195710.0,200770.0,185273.0,187000.0,188331.0,183400.0,175500.0,182327.0,174000.0,178473.0,194512.0,228000.0,213000.0,242000.0,237000.0,203000.0,210000.0,220000.0,230000.0,235000.0,240000.0,245000.0,249135.0,288938.0,310000.0,320000.0,330000.0,340000.0,299318.0,316210.0,384673.0,357654.0,331081.0,309331.0,314405.0,244353.0,335725.0,452021.0,391714.0,340721.95,322459.52,314627.09,323420.45,323047.08,15944043.089999998
Pomelos and grapefruits,Area harvested,340.0,340.0,370.0,500.0,550.0,600.0,500.0,400.0,400.0,300.0,600.0,500.0,600.0,550.0,550.0,500.0,500.0,440.0,450.0,850.0,750.0,850.0,850.0,950.0,950.0,750.0,700.0,680.0,680.0,900.0,1300.0,1500.0,1585.0,1600.0,1600.0,1600.0,1600.0,1700.0,1800.0,1197.0,1089.0,1143.0,1200.0,1339.0,1297.0,1441.0,1822.0,1830.0,1611.0,1571.0,1394.0,1123.0,1093.0,1009.0,1044.0,910.0,892.0,818.0,858.0,847.0,791.0,58504.0,Production,1000.0,1000.0,1100.0,1500.0,1400.0,1530.0,1500.0,1200.0,1200.0,1000.0,1800.0,1200.0,1800.0,1400.0,1450.0,1400.0,1500.0,1500.0,1500.0,2800.0,2500.0,2900.0,2900.0,3200.0,3200.0,2500.0,2350.0,2300.0,2290.0,3200.0,5300.0,6500.0,7758.0,7763.0,7763.0,7500.0,8000.0,8500.0,9000.0,7325.0,9456.0,8391.0,8700.0,9524.0,8700.0,9094.41,9261.0,8464.0,8515.0,9781.0,7867.0,11357.0,11714.0,11831.0,10196.0,12858.0,13036.65,15281.18,15132.71,16040.0,15837.88,362566.8300000001
"Pumpkins, squash and gourds",Area harvested,100.0,100.0,120.0,110.0,100.0,140.0,144.0,183.0,250.0,276.0,267.0,280.0,300.0,300.0,300.0,300.0,300.0,350.0,370.0,390.0,410.0,400.0,350.0,370.0,460.0,470.0,400.0,330.0,350.0,360.0,370.0,400.0,430.0,454.0,470.0,499.0,504.0,334.0,330.0,297.0,307.0,378.0,396.0,500.0,420.0,402.0,442.0,599.0,752.0,1508.0,1603.0,1664.0,2323.0,2333.0,1817.0,1128.0,1435.0,1738.0,2077.0,1716.0,1803.0,38009.0,Production,3000.0,3000.0,3600.0,3300.0,3000.0,4200.0,4300.0,5500.0,7500.0,8100.0,8000.0,8200.0,9000.0,9000.0,9000.0,9000.0,9000.0,11000.0,11000.0,12000.0,13000.0,12000.0,11000.0,12000.0,13700.0,13700.0,11500.0,11500.0,7500.0,6500.0,5800.0,6000.0,6000.0,6500.0,6500.0,7000.0,7000.0,4600.0,4500.0,4000.0,4100.0,5000.0,5200.0,6000.0,5500.0,5300.0,5446.0,4858.0,11185.0,21095.0,21534.0,17382.0,32544.46,44526.0,25652.0,16494.4,23858.75,25474.57,25820.26,25691.18,21749.66,665411.28
Rice,Area harvested,516489.0,544223.0,552947.0,555785.0,581904.0,572995.0,597599.0,660372.0,684234.0,704767.0,734532.0,766177.0,751640.0,740000.0,750339.0,733000.0,723000.0,583000.0,738000.0,716800.0,711000.0,682000.0,666000.0,624000.0,654974.0,650875.0,658954.0,671755.0,664137.0,680647.0,683640.0,672753.0,693434.0,698624.0,672787.0,685468.0,690975.0,674404.0,692389.0,698700.0,673600.0,678500.0,671800.0,680700.0,676200.0,645000.0,673242.0,656602.0,674928.0,677884.0,687516.0,684545.0,671679.0,614579.0,681559.0,688770.0,685548.0,699980.0,672084.0,644908.0,645668.0,40820611.0,Production,1089075.0,1125343.0,1190214.0,1109782.0,1255608.0,1226678.0,1205068.0,1433953.0,1590596.0,1681415.0,1816922.0,1837324.0,1979944.0,2095000.0,1997000.0,1995000.0,1898000.0,1498000.0,2095000.0,2044604.0,2019900.0,1883604.0,1734325.0,1571674.0,1745367.0,1718215.0,1626699.0,1696239.0,1743444.0,1884984.0,1926354.0,2012732.0,2104447.0,2138788.0,2127271.0,2228489.0,2119615.0,1944240.0,2036641.0,2140800.0,2094995.0,2197351.0,2257000.0,2264000.0,2314000.0,2187000.0,2375000.0,2353000.0,2511043.0,2464830.0,2575988.0,2599382.0,2603654.0,1834831.0,2741404.0,2739606.0,2570513.0,2639202.0,2352870.0,2356391.9,2418148.0,121018562.9
"Roots and Tubers, Total",Area harvested,41000.0,36800.0,50142.0,57647.0,51816.0,52403.0,52117.0,47496.0,43425.0,52269.0,48150.0,45000.0,47302.0,50824.0,52241.0,57300.0,57593.0,53800.0,53400.0,50650.0,52850.0,52550.0,52150.0,52450.0,51900.0,52900.0,52900.0,51450.0,47200.0,44400.0,37450.0,35700.0,33071.0,30926.0,26071.0,22950.0,20000.0,16650.0,14500.0,12050.0,10000.0,9400.0,8200.0,7098.0,6322.0,5641.0,4887.0,4325.0,5040.0,5281.0,5166.0,5668.0,7493.0,6417.0,7060.0,6238.0,5536.0,5293.0,6312.0,6023.0,5451.0,1894344.0,Production,331000.0,314000.0,400000.0,443000.0,420500.0,423000.0,427000.0,383000.0,358000.0,439000.0,396000.0,426000.0,453000.0,475000.0,454500.0,494500.0,513000.0,480000.0,479000.0,454700.0,470600.0,489000.0,484300.0,489400.0,486000.0,490000.0,492400.0,485200.0,480200.0,429400.0,386300.0,368700.0,363281.0,341686.0,293081.0,254800.0,236000.0,218000.0,195100.0,156000.0,140146.0,136348.0,129576.0,116573.0,112000.0,104645.0,74798.0,59937.0,88369.0,63128.0,62590.0,135771.0,116525.0,106928.0,123177.0,108150.33,89532.49,91452.16,102650.99,96367.97,87903.1,18320216.039999995
Soya beans,Area harvested,48.0,50.0,30.0,30.0,74.0,72.0,47.0,80.0,120.0,164.0,56.0,80.0,77.0,341.0,128.0,252.0,63.0,53.0,14.0,34.0,70.0,3.0,55.0,6.0,12.0,10.0,10.0,10.0,10.0,6.0,0.0,0.0,0.0,0.0,0.0,0.0,0.0,0.0,0.0,0.0,0.0,0.0,0.0,0.0,0.0,0.0,0.0,0.0,0.0,0.0,0.0,0.0,0.0,0.0,0.0,0.0,0.0,0.0,0.0,0.0,0.0,2005.0,Production,19.0,20.0,12.0,12.0,30.0,30.0,25.0,40.0,50.0,85.0,50.0,60.0,70.0,400.0,130.0,260.0,70.0,70.0,15.0,40.0,100.0,5.0,80.0,9.0,27.0,6.0,4.0,3.0,3.0,2.0,0.0,0.0,0.0,0.0,0.0,0.0,0.0,0.0,0.0,0.0,0.0,0.0,0.0,0.0,0.0,0.0,0.0,0.0,0.0,0.0,0.0,0.0,0.0,0.0,0.0,0.0,0.0,0.0,0.0,0.0,0.0,1727.0
Spinach,Area harvested,0.0,0.0,0.0,0.0,0.0,0.0,0.0,0.0,0.0,0.0,0.0,0.0,0.0,0.0,0.0,0.0,0.0,0.0,0.0,0.0,0.0,0.0,0.0,0.0,0.0,0.0,0.0,1000.0,1000.0,1000.0,1000.0,1000.0,1000.0,1000.0,1000.0,1000.0,1100.0,1300.0,1600.0,1800.0,2000.0,2500.0,3000.0,3500.0,3620.0,3730.0,3858.0,4094.0,4584.0,3585.0,4098.0,4023.0,4288.0,4386.0,3860.0,4276.0,5485.0,5653.0,6210.0,5936.0,5975.0,103461.0,Production,0.0,0.0,0.0,0.0,0.0,0.0,0.0,0.0,0.0,0.0,0.0,0.0,0.0,0.0,0.0,0.0,0.0,0.0,0.0,0.0,0.0,0.0,0.0,0.0,0.0,0.0,0.0,11000.0,11000.0,11000.0,11000.0,11000.0,11000.0,11000.0,11000.0,11000.0,12500.0,15000.0,18200.0,19500.0,21000.0,27500.0,29000.0,37500.0,38000.0,40000.0,41271.0,43994.0,51240.0,39933.0,45136.0,53038.0,56649.0,51286.0,48357.0,54823.0,71179.9,72307.78,77760.74,74250.84,73961.6,1212387.8600000003
Sugar Crops Primary,Area harvested,1000.0,1062.0,1094.0,1211.0,1271.0,1572.0,1600.0,1800.0,1927.0,2851.0,7142.0,8903.0,16281.0,16416.0,22887.0,24860.0,20000.0,21400.0,20100.0,18000.0,17000.0,19700.0,20500.0,22000.0,22000.0,23000.0,20406.0,20975.0,20375.0,21574.0,22542.0,23504.0,22755.0,22661.0,23550.0,22320.0,21898.0,22043.0,21411.0,21380.0,21075.0,21228.0,13000.0,12000.0,12000.0,12000.0,15203.0,14340.0,8000.0,4540.0,4099.0,4346.0,2847.0,237.0,1717.0,1515.0,1668.0,1400.0,1174.0,1311.0,1326.0,777997.0,Production,32000.0,36000.0,37000.0,39000.0,41000.0,47000.0,48000.0,54000.0,58000.0,71000.0,103000.0,223000.0,407000.0,575000.0,801000.0,870000.0,1000000.0,963000.0,1005000.0,720000.0,680000.0,985000.0,1025000.0,1100000.0,1080000.0,1219000.0,1207000.0,1140000.0,1216000.0,1300000.0,1220000.0,1320000.0,1547340.0,1540950.0,1601400.0,1600000.0,1600000.0,1600000.0,1600000.0,1100000.0,1000000.0,1000000.0,650000.0,500000.0,500000.0,450000.0,520000.0,500000.0,350000.0,200700.0,194084.0,146164.0,98885.18,9147.0,30271.0,28038.0,29990.0,23475.04,20761.12,23519.41,24931.35,39111656.099999994
Sugar cane,Area harvested,1000.0,1062.0,1094.0,1211.0,1271.0,1572.0,1600.0,1800.0,1927.0,2851.0,7142.0,8903.0,16281.0,16416.0,22887.0,24860.0,20000.0,21400.0,20100.0,18000.0,17000.0,19700.0,20500.0,22000.0,22000.0,23000.0,20406.0,20975.0,20375.0,21574.0,22542.0,23504.0,22755.0,22661.0,23550.0,22320.0,21898.0,22043.0,21411.0,21380.0,21075.0,21228.0,13000.0,12000.0,12000.0,12000.0,15203.0,14340.0,8000.0,4540.0,4099.0,4346.0,2847.0,237.0,1717.0,1515.0,1668.0,1400.0,1174.0,1311.0,1326.0,777997.0,Production,32000.0,36000.0,37000.0,39000.0,41000.0,47000.0,48000.0,54000.0,58000.0,71000.0,103000.0,223000.0,407000.0,575000.0,801000.0,870000.0,1000000.0,963000.0,1005000.0,720000.0,680000.0,985000.0,1025000.0,1100000.0,1080000.0,1219000.0,1207000.0,1140000.0,1216000.0,1300000.0,1220000.0,1320000.0,1547340.0,1540950.0,1601400.0,1600000.0,1600000.0,1600000.0,1600000.0,1100000.0,1000000.0,1000000.0,650000.0,500000.0,500000.0,450000.0,520000.0,500000.0,350000.0,200700.0,194084.0,146164.0,98885.18,9147.0,30271.0,28038.0,29990.0,23475.04,20761.12,23519.41,24931.35,39111656.099999994
Sweet potatoes,Area harvested,8500.0,8800.0,8842.0,9447.0,9716.0,9203.0,9217.0,6496.0,5825.0,5269.0,6150.0,5000.0,3802.0,3324.0,3241.0,3300.0,3593.0,3800.0,3400.0,3650.0,2850.0,2550.0,2650.0,2450.0,2400.0,2400.0,2400.0,2750.0,3200.0,3400.0,3500.0,3700.0,3971.0,3626.0,3671.0,3200.0,2700.0,2500.0,2300.0,1800.0,1400.0,2100.0,2400.0,2198.0,2102.0,1991.0,1821.0,1309.0,1309.0,2164.0,2229.0,2595.0,3042.0,3013.0,2908.0,2592.0,2441.0,2735.0,3319.0,3194.0,2979.0,228434.0,Production,100000.0,100000.0,106000.0,115000.0,116000.0,109000.0,111000.0,79000.0,71000.0,64000.0,74000.0,58000.0,46000.0,40000.0,38500.0,37500.0,43000.0,45000.0,39000.0,39700.0,25600.0,29000.0,27300.0,24400.0,24000.0,25000.0,26400.0,30200.0,35200.0,37400.0,38500.0,40700.0,43681.0,39886.0,40381.0,35000.0,30000.0,28000.0,25000.0,20000.0,15946.0,22848.0,26576.0,26873.0,27000.0,28445.0,29637.0,18228.0,13495.0,23054.0,26582.0,55838.0,50748.0,51476.0,50607.0,43212.0,41244.99,52224.6,56343.47,54750.36,52538.5,2825014.9200000004
Tea leaves,Area harvested,3521.0,3495.0,3507.0,3449.0,3427.0,3912.0,3330.0,3096.0,3416.0,3218.0,3338.0,2986.0,2977.0,2870.0,2815.0,2762.0,2734.0,2777.0,2560.0,2428.0,2457.0,2566.0,2555.0,3239.0,3200.0,3218.0,3355.0,3474.0,3265.0,3270.0,3306.0,2893.0,2923.0,2697.0,2946.0,2944.0,2902.0,2300.0,2927.0,3003.0,3500.0,3400.0,3500.0,3500.0,3500.0,3320.0,2780.0,1990.0,1519.0,2459.0,2459.0,2380.0,2299.0,2304.0,1890.0,2003.0,1845.0,2083.0,1440.0,1869.0,1970.0,174068.0,Production,2635.0,2839.0,2731.0,3108.0,3351.0,3446.0,3095.0,3468.0,3488.0,3381.0,3325.0,3365.0,3462.0,3237.0,3066.0,3206.0,3542.0,3451.0,3171.0,3281.0,3438.0,3188.0,3328.0,5478.0,5300.0,5365.0,4830.0,4830.0,4830.0,6200.0,7000.0,5900.0,6000.0,5400.0,6000.0,6000.0,6000.0,4600.0,5900.0,5642.0,5413.0,5100.0,4125.0,3900.0,2850.0,6213.0,5540.0,9548.0,7223.0,19738.0,16632.0,14711.0,12094.0,11923.0,11130.2,11708.0,10385.0,10808.0,6621.18,9395.13,7077.62,362012.13
Tomatoes,Area harvested,560.0,670.0,700.0,710.0,600.0,725.0,890.0,835.0,890.0,900.0,950.0,880.0,860.0,950.0,725.0,840.0,900.0,905.0,840.0,825.0,810.0,830.0,725.0,700.0,700.0,800.0,500.0,450.0,400.0,420.0,450.0,480.0,510.0,536.0,536.0,620.0,510.0,570.0,470.0,951.0,627.0,789.0,1200.0,1250.0,1300.0,1901.0,1110.0,1039.0,1114.0,1347.0,1451.0,1978.0,2831.0,1948.0,1984.0,2794.0,1941.0,2101.0,1974.0,2070.0,2015.0,62887.0,Production,10000.0,12000.0,12500.0,12800.0,10800.0,13000.0,16000.0,15000.0,16000.0,16200.0,17000.0,15800.0,15500.0,17000.0,13000.0,15000.0,16000.0,16200.0,15000.0,14800.0,14500.0,15000.0,13000.0,12500.0,12000.0,14000.0,8500.0,7500.0,7000.0,7200.0,7500.0,7800.0,8160.0,8576.0,8576.0,10000.0,8000.0,10000.0,8000.0,18000.0,14895.0,21955.0,32362.0,34188.0,35000.0,63282.0,35638.0,26752.0,29902.0,55446.69,77558.58,129572.0,190977.0,162384.0,165177.0,242946.4,188185.33,199422.34,176544.06,192129.47,186621.13,2756350.0
"Treenuts, Total",Area harvested,2000.0,2000.0,2000.0,2000.0,2000.0,2000.0,2000.0,2100.0,2200.0,2398.0,2008.0,2100.0,1878.0,5559.0,6229.0,6825.0,6349.0,5425.0,3441.0,2932.0,994.0,399.0,2555.0,4171.0,3500.0,2634.0,3867.0,5231.0,7186.0,5300.0,5800.0,6400.0,6500.0,6439.0,7000.0,6699.0,6777.0,6854.0,6927.0,6839.0,6874.0,6911.0,6941.0,6960.0,6981.0,7007.0,7000.0,7088.0,7158.0,7227.0,7293.0,7200.0,7400.0,7320.0,7428.0,7475.0,7502.0,7508.0,7546.0,7578.0,7609.0,317522.0,Production,3600.0,3600.0,3600.0,3600.0,3600.0,3600.0,3600.0,3700.0,3900.0,4300.0,3600.0,3700.0,3300.0,10000.0,11200.0,12000.0,11400.0,9800.0,5800.0,5200.0,1800.0,700.0,4600.0,7500.0,6000.0,4965.0,7176.0,9860.0,13546.0,10000.0,11000.0,12000.0,12203.72,12103.75,13000.0,12617.77,12779.46,12935.67,13087.54,12952.21,13035.75,13124.73,13216.61,13307.8,13420.57,13552.8,13000.0,13954.62,14269.76,14594.66,14927.12,16000.0,15540.77,15465.84,15816.45,16058.22,16201.36,16335.07,16198.22,16244.88,16259.39,614451.7399999999
Unmanufactured tobacco,Area harvested,2783.0,3192.0,3330.0,3753.0,3642.0,3237.0,3237.0,2428.0,2832.0,3237.0,3990.0,8041.0,8338.0,9870.0,14448.0,8249.0,9499.0,12372.0,12495.0,13243.0,12963.0,12744.0,11267.0,10568.0,16362.0,16344.0,12676.0,9621.0,12507.0,10168.0,14953.0,11905.0,12355.0,10219.0,10525.0,10982.0,19790.0,14200.0,18522.0,15764.0,15972.0,14390.0,13038.0,12148.0,8520.0,6778.0,6827.0,6702.0,7616.0,3698.0,4242.0,2526.0,538.0,694.0,574.0,501.0,551.0,377.0,109.0,188.0,149.0,502789.0,Production,1806.0,2242.0,2348.0,2469.0,2296.0,2107.0,2105.0,1864.0,1905.0,2625.0,3921.0,7197.0,6027.0,7620.0,9184.0,4669.0,7275.0,9700.0,7535.0,9475.0,7200.0,8620.0,8701.0,7157.0,9542.0,14239.0,11268.0,7442.0,13858.0,10154.0,9216.0,11245.0,9679.0,6087.0,10318.0,11723.0,11241.0,11169.0,7675.0,7172.0,8299.0,11304.0,11690.0,12858.0,9444.0,6062.0,6453.0,6278.0,2473.0,3143.0,2916.0,1972.0,453.38,592.5,495.55,437.02,493.16,342.33,102.0,211.0,172.0,374266.94
Vegetables Primary,Area harvested,10780.0,11220.0,10460.0,10970.0,10780.0,11205.0,7734.0,18858.0,18755.0,19146.0,18147.0,22860.0,14810.0,12550.0,15325.0,15590.0,15800.0,15325.0,16010.0,16175.0,16610.0,16980.0,17525.0,17030.0,17270.0,17370.0,17620.0,18280.0,18550.0,20986.0,21760.0,22814.0,24552.0,25752.0,26966.0,24933.0,28651.0,27229.0,28570.0,28188.0,27918.0,29263.0,31434.0,34256.0,35641.0,37033.0,38257.0,39104.0,41622.0,47943.0,49963.0,50882.0,56486.0,58861.0,58176.0,54403.0,54514.0,54144.0,56931.0,56846.0,58733.0,1702546.0,Production,109100.0,115100.0,107500.0,112800.0,109800.0,122000.0,89800.0,207000.0,209800.0,234700.0,206200.0,276500.0,194500.0,166400.0,207100.0,211200.0,213900.0,212700.0,213700.0,217800.0,226400.0,229200.0,239200.0,231800.0,227000.0,233200.0,249700.0,258500.0,268000.0,303200.0,306800.0,324300.0,372219.0,399410.0,403488.34,354500.0,419000.0,401100.0,405700.0,398846.0,385009.0,408925.0,440722.22,497186.05,521871.57,580824.01,618886.53,639497.73,715248.78,847991.94,941408.28,1055566.0,1199893.61,1355387.75,1359631.67,1216398.99,1140508.83,1150379.41,1157375.24,1179629.65,1200600.44,28402106.039999995
Watermelons,Area harvested,1100.0,1200.0,1000.0,1300.0,1400.0,1400.0,1600.0,1700.0,1800.0,2000.0,2600.0,2400.0,2200.0,2700.0,2300.0,3900.0,3800.0,3800.0,3800.0,5400.0,4150.0,4000.0,2500.0,2500.0,2200.0,2100.0,4000.0,2600.0,2350.0,3200.0,3000.0,4500.0,5000.0,6500.0,6000.0,6500.0,6000.0,9000.0,6000.0,7737.0,5253.0,6495.0,6200.0,6300.0,6300.0,8270.0,9241.0,10180.0,14872.0,14416.0,13814.0,11949.0,11032.0,10842.0,10024.0,11058.0,9595.0,9438.0,8302.0,8721.0,6900.0,336439.0,Production,24700.0,26900.0,22400.0,29100.0,31400.0,31400.0,35900.0,38100.0,40400.0,44800.0,58300.0,53800.0,49300.0,60500.0,51500.0,87000.0,85200.0,85000.0,85200.0,105000.0,93000.0,89500.0,56000.0,54400.0,49800.0,46400.0,65500.0,58500.0,52300.0,70000.0,64000.0,100000.0,110000.0,145000.0,135000.0,145000.0,125000.0,220000.0,130000.0,150000.0,120000.0,140000.0,130000.0,132000.0,132000.0,148909.0,154416.0,220066.0,238671.0,235893.0,220560.0,225681.0,209599.0,176379.0,178928.0,192910.0,172275.36,150260.58,144146.89,134225.37,125657.89,6587878.09
"Beef and Buffalo Meat, primary",0,0.0,0.0,0.0,0.0,0.0,0.0,0.0,0.0,0.0,0.0,0.0,0.0,0.0,0.0,0.0,0.0,0.0,0.0,0.0,0.0,0.0,0.0,0.0,0.0,0.0,0.0,0.0,0.0,0.0,0.0,0.0,0.0,0.0,0.0,0.0,0.0,0.0,0.0,0.0,0.0,0.0,0.0,0.0,0.0,0.0,0.0,0.0,0.0,0.0,0.0,0.0,0.0,0.0,0.0,0.0,0.0,0.0,0.0,0.0,0.0,0.0,0.0,Production,15200.0,14695.0,15026.0,16096.0,16786.0,16226.0,16210.0,14886.0,14867.0,15748.0,16934.0,18618.0,13941.0,16981.0,15159.0,15326.0,15046.0,15461.0,16569.0,18814.0,18508.0,19385.0,17011.0,16870.0,15965.0,15208.0,15308.0,16882.0,15347.0,15177.0,14311.0,14833.0,15263.0,15188.0,16919.0,16046.0,15944.0,16708.0,18300.0,17501.0,19319.0,22190.0,23966.0,26658.0,29396.0,31885.0,34976.0,38250.0,42178.0,46510.0,48835.0,51277.0,51715.0,52901.0,50494.0,47956.0,46333.0,46924.0,44025.0,41378.79,40845.5,1483275.29
"Beer of barley, malted",0,0.0,0.0,0.0,0.0,0.0,0.0,0.0,0.0,0.0,0.0,0.0,0.0,0.0,0.0,0.0,0.0,0.0,0.0,0.0,0.0,0.0,0.0,0.0,0.0,0.0,0.0,0.0,0.0,0.0,0.0,0.0,0.0,0.0,0.0,0.0,0.0,0.0,0.0,0.0,0.0,0.0,0.0,0.0,0.0,0.0,0.0,0.0,0.0,0.0,0.0,0.0,0.0,0.0,0.0,0.0,0.0,0.0,0.0,0.0,0.0,0.0,0.0,Production,7600.0,6700.0,13500.0,10000.0,20000.0,34000.0,34000.0,35000.0,35000.0,36000.0,37000.0,39600.0,55800.0,66900.0,60974.0,71149.0,76665.0,88306.0,107216.0,119947.0,118000.0,118061.0,95351.0,99828.0,102608.0,101392.0,98841.0,111464.0,126320.0,140139.0,141337.0,110000.0,99500.0,85900.0,94200.0,97000.0,99000.0,102000.0,132000.0,135000.0,146000.0,140000.0,125000.0,141500.0,140000.0,150000.0,180000.0,165000.0,160000.0,253000.0,260000.0,284000.0,299000.0,295000.0,304000.0,310000.0,310000.0,310000.0,350000.0,200000.0,0.0,7685798.0
"Buffalo fat, unrendered",0,0.0,0.0,0.0,0.0,0.0,0.0,0.0,0.0,0.0,0.0,0.0,0.0,0.0,0.0,0.0,0.0,0.0,0.0,0.0,0.0,0.0,0.0,0.0,0.0,0.0,0.0,0.0,0.0,0.0,0.0,0.0,0.0,0.0,0.0,0.0,0.0,0.0,0.0,0.0,0.0,0.0,0.0,0.0,0.0,0.0,0.0,0.0,0.0,0.0,0.0,0.0,0.0,0.0,0.0,0.0,0.0,0.0,0.0,0.0,0.0,0.0,0.0,Production,0.0,0.0,0.0,0.0,0.0,0.0,0.0,0.0,0.0,0.0,0.0,0.0,0.0,0.0,0.0,0.0,0.0,0.0,0.0,0.0,0.0,0.0,0.0,0.0,0.0,0.0,0.0,0.0,0.0,0.0,53.52,55.32,54.0,63.43,61.16,63.02,59.4,54.99,48.72,48.94,38.8,34.86,35.03,40.72,53.71,99.26,108.97,119.08,131.33,144.9,152.13,155.6,133.03,122.02,118.07,118.02,132.72,119.09,127.56,113.38,104.46,2765.24
"Buttermilk, dry",0,0.0,0.0,0.0,0.0,0.0,0.0,0.0,0.0,0.0,0.0,0.0,0.0,0.0,0.0,0.0,0.0,0.0,0.0,0.0,0.0,0.0,0.0,0.0,0.0,0.0,0.0,0.0,0.0,0.0,0.0,0.0,0.0,0.0,0.0,0.0,0.0,0.0,0.0,0.0,0.0,0.0,0.0,0.0,0.0,0.0,0.0,0.0,0.0,0.0,0.0,0.0,0.0,0.0,0.0,0.0,0.0,0.0,0.0,0.0,0.0,0.0,0.0,Production,0.0,0.0,0.0,0.0,0.0,0.0,0.0,0.0,0.0,0.0,0.0,0.0,0.0,0.0,0.0,0.0,0.0,0.0,0.0,0.0,0.0,0.0,0.0,0.0,0.0,0.0,0.0,0.0,0.0,0.0,0.0,0.0,0.0,0.0,0.0,0.0,0.0,0.0,0.0,0.0,0.0,0.0,0.0,0.0,0.0,0.0,0.0,0.0,0.0,0.0,0.0,0.0,0.0,333.69,487.22,439.82,646.03,893.38,976.73,670.99,0.0,4447.86
"Cattle fat, unrendered",0,0.0,0.0,0.0,0.0,0.0,0.0,0.0,0.0,0.0,0.0,0.0,0.0,0.0,0.0,0.0,0.0,0.0,0.0,0.0,0.0,0.0,0.0,0.0,0.0,0.0,0.0,0.0,0.0,0.0,0.0,0.0,0.0,0.0,0.0,0.0,0.0,0.0,0.0,0.0,0.0,0.0,0.0,0.0,0.0,0.0,0.0,0.0,0.0,0.0,0.0,0.0,0.0,0.0,0.0,0.0,0.0,0.0,0.0,0.0,0.0,0.0,0.0,Production,0.0,0.0,0.0,0.0,0.0,0.0,0.0,0.0,0.0,0.0,0.0,0.0,0.0,0.0,0.0,0.0,0.0,0.0,0.0,0.0,0.0,0.0,0.0,0.0,0.0,0.0,0.0,0.0,0.0,0.0,236.19,244.98,255.64,242.6,281.79,261.16,263.41,284.85,326.0,308.92,359.53,424.75,461.94,511.69,553.54,550.53,603.79,660.42,728.21,802.91,843.05,890.25,926.93,965.28,919.41,866.04,814.0,843.01,771.68,733.22,732.85,17668.57
Coconut oil,0,0.0,0.0,0.0,0.0,0.0,0.0,0.0,0.0,0.0,0.0,0.0,0.0,0.0,0.0,0.0,0.0,0.0,0.0,0.0,0.0,0.0,0.0,0.0,0.0,0.0,0.0,0.0,0.0,0.0,0.0,0.0,0.0,0.0,0.0,0.0,0.0,0.0,0.0,0.0,0.0,0.0,0.0,0.0,0.0,0.0,0.0,0.0,0.0,0.0,0.0,0.0,0.0,0.0,0.0,0.0,0.0,0.0,0.0,0.0,0.0,0.0,0.0,Production,94000.0,100800.0,79668.0,67750.0,69019.0,90682.0,93003.0,97783.0,92127.0,109435.0,104121.0,101766.0,87003.0,74679.0,87796.0,85175.0,77000.0,67500.0,74300.0,76700.0,78000.0,83800.0,78295.0,80383.0,66635.0,62035.0,46179.0,60000.0,41400.0,32100.0,31100.0,29000.0,28000.0,22500.0,36400.0,33800.0,35600.0,40100.0,54500.0,53600.0,46000.0,45000.0,39800.0,41800.0,42400.0,45700.0,47300.0,43000.0,43800.0,45000.0,51000.0,45400.0,52900.0,58240.0,51700.0,42200.0,44100.0,39700.0,47300.0,49600.0,0.0,3645674.0
"Cream, fresh",0,0.0,0.0,0.0,0.0,0.0,0.0,0.0,0.0,0.0,0.0,0.0,0.0,0.0,0.0,0.0,0.0,0.0,0.0,0.0,0.0,0.0,0.0,0.0,0.0,0.0,0.0,0.0,0.0,0.0,0.0,0.0,0.0,0.0,0.0,0.0,0.0,0.0,0.0,0.0,0.0,0.0,0.0,0.0,0.0,0.0,0.0,0.0,0.0,0.0,0.0,0.0,0.0,0.0,0.0,0.0,0.0,0.0,0.0,0.0,0.0,0.0,0.0,Production,108.74,109.51,95.48,111.58,112.21,114.11,94.97,94.31,110.42,114.14,114.88,113.44,118.78,112.91,107.59,119.62,114.72,134.07,151.23,153.12,169.48,173.74,162.41,153.64,126.45,129.8,138.56,161.99,174.71,175.83,176.36,189.6,202.73,216.18,225.55,240.82,211.14,208.03,194.52,201.88,197.14,233.41,233.2,249.44,279.01,304.95,338.08,374.27,408.96,428.17,428.13,441.06,597.02,604.58,641.41,373.35,407.71,412.81,394.57,369.08,0.0,13655.599999999997
"Edible offal of buffalo, fresh, chilled or frozen",0,0.0,0.0,0.0,0.0,0.0,0.0,0.0,0.0,0.0,0.0,0.0,0.0,0.0,0.0,0.0,0.0,0.0,0.0,0.0,0.0,0.0,0.0,0.0,0.0,0.0,0.0,0.0,0.0,0.0,0.0,0.0,0.0,0.0,0.0,0.0,0.0,0.0,0.0,0.0,0.0,0.0,0.0,0.0,0.0,0.0,0.0,0.0,0.0,0.0,0.0,0.0,0.0,0.0,0.0,0.0,0.0,0.0,0.0,0.0,0.0,0.0,0.0,Production,0.0,0.0,0.0,0.0,0.0,0.0,0.0,0.0,0.0,0.0,0.0,0.0,0.0,0.0,0.0,0.0,0.0,0.0,0.0,0.0,0.0,0.0,0.0,0.0,0.0,0.0,0.0,0.0,0.0,0.0,202.17,208.99,203.99,239.61,231.06,238.06,224.41,207.75,184.07,184.87,146.56,131.7,132.32,153.82,202.89,374.98,411.66,449.85,496.14,547.4,574.73,587.81,502.55,460.96,446.05,445.86,501.37,449.91,481.88,428.32,394.61,10446.35
"Edible offal of cattle, fresh, chilled or frozen",0,0.0,0.0,0.0,0.0,0.0,0.0,0.0,0.0,0.0,0.0,0.0,0.0,0.0,0.0,0.0,0.0,0.0,0.0,0.0,0.0,0.0,0.0,0.0,0.0,0.0,0.0,0.0,0.0,0.0,0.0,0.0,0.0,0.0,0.0,0.0,0.0,0.0,0.0,0.0,0.0,0.0,0.0,0.0,0.0,0.0,0.0,0.0,0.0,0.0,0.0,0.0,0.0,0.0,0.0,0.0,0.0,0.0,0.0,0.0,0.0,0.0,0.0,Production,0.0,0.0,0.0,0.0,0.0,0.0,0.0,0.0,0.0,0.0,0.0,0.0,0.0,0.0,0.0,0.0,0.0,0.0,0.0,0.0,0.0,0.0,0.0,0.0,0.0,0.0,0.0,0.0,0.0,0.0,1003.81,1041.18,1086.49,1031.04,1197.62,1109.93,1119.49,1210.63,1385.49,1312.89,1527.98,1805.2,1963.26,2174.7,2352.53,2339.74,2566.11,2806.79,3094.89,3412.35,3582.97,3783.57,3939.44,4102.46,3907.49,3680.68,3459.5,3582.79,3279.66,3116.19,3114.6,75091.47
"Edible offal of goat, fresh, chilled or frozen",0,0.0,0.0,0.0,0.0,0.0,0.0,0.0,0.0,0.0,0.0,0.0,0.0,0.0,0.0,0.0,0.0,0.0,0.0,0.0,0.0,0.0,0.0,0.0,0.0,0.0,0.0,0.0,0.0,0.0,0.0,0.0,0.0,0.0,0.0,0.0,0.0,0.0,0.0,0.0,0.0,0.0,0.0,0.0,0.0,0.0,0.0,0.0,0.0,0.0,0.0,0.0,0.0,0.0,0.0,0.0,0.0,0.0,0.0,0.0,0.0,0.0,0.0,Production,0.0,0.0,0.0,0.0,0.0,0.0,0.0,0.0,0.0,0.0,0.0,0.0,0.0,0.0,0.0,0.0,0.0,0.0,0.0,0.0,0.0,0.0,0.0,0.0,0.0,0.0,0.0,0.0,0.0,0.0,44.49,43.56,42.23,45.23,35.03,33.52,32.93,32.47,35.95,39.49,45.79,56.23,68.33,68.71,77.53,85.22,94.8,104.27,115.11,127.1,172.6,277.66,247.95,227.89,222.93,242.87,180.2,194.34,165.18,138.7,127.95,3426.2599999999993
"Edible offal of pigs, fresh, chilled or frozen",0,0.0,0.0,0.0,0.0,0.0,0.0,0.0,0.0,0.0,0.0,0.0,0.0,0.0,0.0,0.0,0.0,0.0,0.0,0.0,0.0,0.0,0.0,0.0,0.0,0.0,0.0,0.0,0.0,0.0,0.0,0.0,0.0,0.0,0.0,0.0,0.0,0.0,0.0,0.0,0.0,0.0,0.0,0.0,0.0,0.0,0.0,0.0,0.0,0.0,0.0,0.0,0.0,0.0,0.0,0.0,0.0,0.0,0.0,0.0,0.0,0.0,0.0,Production,0.0,0.0,0.0,0.0,0.0,0.0,0.0,0.0,0.0,0.0,0.0,0.0,0.0,0.0,0.0,0.0,0.0,0.0,0.0,0.0,0.0,0.0,0.0,0.0,0.0,0.0,0.0,0.0,0.0,0.0,6615.32,7114.88,7451.71,8076.11,8035.55,7892.17,8005.98,7378.01,4500.02,4532.15,5237.82,5470.3,5414.52,5676.75,5907.67,6146.56,5674.73,5531.84,5842.53,6635.82,6077.39,6195.45,6165.7,6169.56,6312.48,5534.84,6187.11,6348.33,6317.95,6255.44,6215.51,194920.20000000004
"Edible offal of sheep, fresh, chilled or frozen",0,0.0,0.0,0.0,0.0,0.0,0.0,0.0,0.0,0.0,0.0,0.0,0.0,0.0,0.0,0.0,0.0,0.0,0.0,0.0,0.0,0.0,0.0,0.0,0.0,0.0,0.0,0.0,0.0,0.0,0.0,0.0,0.0,0.0,0.0,0.0,0.0,0.0,0.0,0.0,0.0,0.0,0.0,0.0,0.0,0.0,0.0,0.0,0.0,0.0,0.0,0.0,0.0,0.0,0.0,0.0,0.0,0.0,0.0,0.0,0.0,0.0,0.0,Production,0.0,0.0,0.0,0.0,0.0,0.0,0.0,0.0,0.0,0.0,0.0,0.0,0.0,0.0,0.0,0.0,0.0,0.0,0.0,0.0,0.0,0.0,0.0,0.0,0.0,0.0,0.0,0.0,0.0,0.0,5.43,5.42,3.44,6.41,11.86,7.41,6.9,17.55,23.69,20.75,18.91,21.99,22.73,23.46,24.81,27.0,30.04,33.08,36.51,40.27,46.29,65.08,80.44,87.24,83.08,101.19,114.29,105.72,114.13,117.78,108.97,1411.87
"Edible offals of horses and other equines,  fresh, chilled or frozen",0,0.0,0.0,0.0,0.0,0.0,0.0,0.0,0.0,0.0,0.0,0.0,0.0,0.0,0.0,0.0,0.0,0.0,0.0,0.0,0.0,0.0,0.0,0.0,0.0,0.0,0.0,0.0,0.0,0.0,0.0,0.0,0.0,0.0,0.0,0.0,0.0,0.0,0.0,0.0,0.0,0.0,0.0,0.0,0.0,0.0,0.0,0.0,0.0,0.0,0.0,0.0,0.0,0.0,0.0,0.0,0.0,0.0,0.0,0.0,0.0,0.0,0.0,Production,0.0,0.0,0.0,0.0,0.0,0.0,0.0,0.0,0.0,0.0,0.0,0.0,0.0,0.0,0.0,0.0,0.0,0.0,0.0,0.0,0.0,0.0,0.0,0.0,0.0,0.0,0.0,0.0,0.0,0.0,13.5,14.25,11.25,8.25,7.5,18.0,18.0,4.5,9.0,13.5,22.5,37.5,30.0,30.0,30.0,30.0,27.0,30.0,28.5,25.5,26.25,25.2,19.7,20.81,21.0,23.84,25.47,24.87,18.31,24.07,24.16,662.4300000000001
Eggs Primary,0,0.0,0.0,0.0,0.0,0.0,0.0,0.0,0.0,0.0,0.0,0.0,0.0,0.0,0.0,0.0,0.0,0.0,0.0,0.0,0.0,0.0,0.0,0.0,0.0,0.0,0.0,0.0,0.0,0.0,0.0,0.0,0.0,0.0,0.0,0.0,0.0,0.0,0.0,0.0,0.0,0.0,0.0,0.0,0.0,0.0,0.0,0.0,0.0,0.0,0.0,0.0,0.0,0.0,0.0,0.0,0.0,0.0,0.0,0.0,0.0,0.0,0.0,Production,13200.0,19800.0,26400.0,33000.0,39600.0,46300.0,52800.0,59400.0,66000.0,72700.0,79300.0,85800.0,92400.0,99000.0,105700.0,112300.0,118800.0,125400.0,132100.0,138700.0,136300.0,142400.0,161300.0,173600.0,186300.0,196100.0,207100.0,222200.0,259500.0,301200.0,329800.0,345897.3,359932.92,361950.74,364831.33,369986.92,384777.25,392856.82,399939.13,400513.0,407990.0,422281.0,432050.0,441999.0,453000.0,464000.0,487000.0,490400.0,523900.0,600900.59,637022.65,659776.69,698624.65,742964.88,794974.61,836415.0,860861.0,820394.0,670089.0,789763.7,828522.3,20278114.48
"Eggs from other birds in shell, fresh, n.e.c.",0,0.0,0.0,0.0,0.0,0.0,0.0,0.0,0.0,0.0,0.0,0.0,0.0,0.0,0.0,0.0,0.0,0.0,0.0,0.0,0.0,0.0,0.0,0.0,0.0,0.0,0.0,0.0,0.0,0.0,0.0,0.0,0.0,0.0,0.0,0.0,0.0,0.0,0.0,0.0,0.0,0.0,0.0,0.0,0.0,0.0,0.0,0.0,0.0,0.0,0.0,0.0,0.0,0.0,0.0,0.0,0.0,0.0,0.0,0.0,0.0,0.0,0.0,Production,400.0,700.0,900.0,1100.0,1300.0,1600.0,1800.0,2000.0,2200.0,2500.0,2700.0,2900.0,3100.0,3300.0,3600.0,3800.0,4000.0,4200.0,4500.0,4700.0,4600.0,4800.0,5500.0,5900.0,6300.0,6600.0,7000.0,7500.0,8800.0,9500.0,153000.0,152897.3,152932.92,152950.74,152962.33,152986.92,152777.25,152856.82,152939.13,152263.0,155149.0,160505.0,164248.0,168095.0,168100.0,166700.0,179600.0,173400.0,213000.0,214340.59,215542.65,215575.69,214668.65,215344.88,215790.61,215700.0,215650.0,215600.0,215600.0,215600.0,215600.0,5780176.48
Evaporated & Condensed Milk,0,0.0,0.0,0.0,0.0,0.0,0.0,0.0,0.0,0.0,0.0,0.0,0.0,0.0,0.0,0.0,0.0,0.0,0.0,0.0,0.0,0.0,0.0,0.0,0.0,0.0,0.0,0.0,0.0,0.0,0.0,0.0,0.0,0.0,0.0,0.0,0.0,0.0,0.0,0.0,0.0,0.0,0.0,0.0,0.0,0.0,0.0,0.0,0.0,0.0,0.0,0.0,0.0,0.0,0.0,0.0,0.0,0.0,0.0,0.0,0.0,0.0,0.0,Production,6050.0,8800.0,14250.0,17050.0,22550.0,28050.0,43750.0,63250.0,60500.0,84491.0,75089.0,71963.0,88858.0,85295.0,90523.0,96677.0,101760.0,110351.0,118929.0,124392.0,117362.0,127330.0,135782.0,136692.0,151507.0,148883.0,157579.0,169232.0,169054.0,157578.0,169787.0,192069.0,203274.0,234518.0,222242.0,212607.0,196673.0,176096.0,184369.0,178766.0,171878.0,159859.0,165566.0,145187.0,163839.0,176901.0,192135.0,195234.0,250365.0,253654.0,272313.0,266748.0,204822.0,293938.0,322259.0,281558.0,288664.0,357892.0,334224.0,314526.0,0.0,9565540.0
Fat of pigs,0,0.0,0.0,0.0,0.0,0.0,0.0,0.0,0.0,0.0,0.0,0.0,0.0,0.0,0.0,0.0,0.0,0.0,0.0,0.0,0.0,0.0,0.0,0.0,0.0,0.0,0.0,0.0,0.0,0.0,0.0,0.0,0.0,0.0,0.0,0.0,0.0,0.0,0.0,0.0,0.0,0.0,0.0,0.0,0.0,0.0,0.0,0.0,0.0,0.0,0.0,0.0,0.0,0.0,0.0,0.0,0.0,0.0,0.0,0.0,0.0,0.0,0.0,Production,0.0,0.0,0.0,0.0,0.0,0.0,0.0,0.0,0.0,0.0,0.0,0.0,0.0,0.0,0.0,0.0,0.0,0.0,0.0,0.0,0.0,0.0,0.0,0.0,0.0,0.0,0.0,0.0,0.0,0.0,25068.57,26961.64,28238.08,30604.19,30450.52,29907.19,30338.44,27958.78,17052.72,17174.47,19848.57,20729.55,20518.17,21511.88,22386.95,23292.21,21504.25,20962.75,22140.11,25146.27,23030.11,23477.48,23364.75,23379.37,23920.98,20974.14,23445.89,24056.81,23941.72,23704.81,23553.52,738644.8900000001
"Goat fat, unrendered",0,0.0,0.0,0.0,0.0,0.0,0.0,0.0,0.0,0.0,0.0,0.0,0.0,0.0,0.0,0.0,0.0,0.0,0.0,0.0,0.0,0.0,0.0,0.0,0.0,0.0,0.0,0.0,0.0,0.0,0.0,0.0,0.0,0.0,0.0,0.0,0.0,0.0,0.0,0.0,0.0,0.0,0.0,0.0,0.0,0.0,0.0,0.0,0.0,0.0,0.0,0.0,0.0,0.0,0.0,0.0,0.0,0.0,0.0,0.0,0.0,0.0,0.0,Production,0.0,0.0,0.0,0.0,0.0,0.0,0.0,0.0,0.0,0.0,0.0,0.0,0.0,0.0,0.0,0.0,0.0,0.0,0.0,0.0,0.0,0.0,0.0,0.0,0.0,0.0,0.0,0.0,0.0,0.0,12.71,12.45,12.07,12.92,10.01,9.58,9.41,9.28,10.27,11.28,13.08,16.07,19.52,19.63,22.15,24.35,27.09,29.79,32.89,36.32,49.32,79.33,70.84,65.11,63.7,69.39,51.49,55.53,47.2,39.63,36.56,978.97
Groundnut oil,0,0.0,0.0,0.0,0.0,0.0,0.0,0.0,0.0,0.0,0.0,0.0,0.0,0.0,0.0,0.0,0.0,0.0,0.0,0.0,0.0,0.0,0.0,0.0,0.0,0.0,0.0,0.0,0.0,0.0,0.0,0.0,0.0,0.0,0.0,0.0,0.0,0.0,0.0,0.0,0.0,0.0,0.0,0.0,0.0,0.0,0.0,0.0,0.0,0.0,0.0,0.0,0.0,0.0,0.0,0.0,0.0,0.0,0.0,0.0,0.0,0.0,0.0,Production,0.0,0.0,0.0,0.0,0.0,0.0,0.0,0.0,0.0,0.0,0.0,0.0,0.0,0.0,0.0,0.0,0.0,0.0,0.0,0.0,0.0,0.0,0.0,0.0,0.0,0.0,0.0,0.0,0.0,0.0,0.0,0.0,0.0,0.0,0.0,0.0,0.0,0.0,0.0,0.0,0.0,0.0,0.0,0.0,0.0,0.0,0.0,0.0,0.0,3241.72,3136.99,1693.38,1624.6,1112.37,2796.45,3244.73,2924.7,3110.98,3903.24,3773.92,0.0,30563.079999999994
"Hen eggs in shell, fresh",0,0.0,0.0,0.0,0.0,0.0,0.0,0.0,0.0,0.0,0.0,0.0,0.0,0.0,0.0,0.0,0.0,0.0,0.0,0.0,0.0,0.0,0.0,0.0,0.0,0.0,0.0,0.0,0.0,0.0,0.0,0.0,0.0,0.0,0.0,0.0,0.0,0.0,0.0,0.0,0.0,0.0,0.0,0.0,0.0,0.0,0.0,0.0,0.0,0.0,0.0,0.0,0.0,0.0,0.0,0.0,0.0,0.0,0.0,0.0,0.0,0.0,0.0,Production,12800.0,19100.0,25500.0,31900.0,38300.0,44700.0,51000.0,57400.0,63800.0,70200.0,76600.0,82900.0,89300.0,95700.0,102100.0,108500.0,114800.0,121200.0,127600.0,134000.0,131700.0,137600.0,155800.0,167700.0,180000.0,189500.0,200100.0,214700.0,250700.0,291700.0,5832800.0,6129000.0,6384000.0,6421000.0,6472869.0,6567000.0,6841000.0,6986000.0,7114000.0,7124550.0,7256841.0,7511776.0,7685302.0,7862004.0,8063000.0,8269000.0,8677000.0,9194000.0,9780000.0,11069460.0,11921080.0,12327801.0,12083226.0,12854700.0,13765591.0,14499306.0,14932068.0,14218028.0,11562636.0,13676891.7,14361627.3,300830457.0
"Horse meat, fresh or chilled",0,0.0,0.0,0.0,0.0,0.0,0.0,0.0,0.0,0.0,0.0,0.0,0.0,0.0,0.0,0.0,0.0,0.0,0.0,0.0,0.0,0.0,0.0,0.0,0.0,0.0,0.0,0.0,0.0,0.0,0.0,0.0,0.0,0.0,0.0,0.0,0.0,0.0,0.0,0.0,0.0,0.0,0.0,0.0,0.0,0.0,0.0,0.0,0.0,0.0,0.0,0.0,0.0,0.0,0.0,0.0,0.0,0.0,0.0,0.0,0.0,0.0,0.0,Production,48.0,50.4,49.2,54.0,54.0,54.24,54.6,54.6,54.72,54.72,55.2,56.4,56.4,56.4,56.4,56.4,56.4,56.4,57.6,57.6,57.6,57.6,60.0,57.6,60.0,60.0,78.0,78.0,66.0,90.0,108.0,114.0,90.0,66.0,60.0,144.0,144.0,36.0,72.0,108.0,180.0,300.0,240.0,240.0,240.0,240.0,216.0,240.0,228.0,204.0,210.0,201.6,157.61,166.45,168.02,190.69,203.79,198.97,146.48,192.58,193.24,7057.909999999999
Margarine and shortening,0,0.0,0.0,0.0,0.0,0.0,0.0,0.0,0.0,0.0,0.0,0.0,0.0,0.0,0.0,0.0,0.0,0.0,0.0,0.0,0.0,0.0,0.0,0.0,0.0,0.0,0.0,0.0,0.0,0.0,0.0,0.0,0.0,0.0,0.0,0.0,0.0,0.0,0.0,0.0,0.0,0.0,0.0,0.0,0.0,0.0,0.0,0.0,0.0,0.0,0.0,0.0,0.0,0.0,0.0,0.0,0.0,0.0,0.0,0.0,0.0,0.0,0.0,Production,1500.0,1500.0,1100.0,1100.0,1100.0,1300.0,2000.0,1500.0,1600.0,1600.0,2600.0,3000.0,4000.0,5000.0,7000.0,5000.0,9000.0,10000.0,10000.0,13000.0,13000.0,10500.0,13000.0,15000.0,15000.0,16000.0,16000.0,27500.0,38000.0,45000.0,70000.0,95000.0,125000.0,130000.0,175000.0,175000.0,175000.0,180000.0,157000.0,274000.0,315000.0,337000.0,257850.0,372000.0,339125.0,403100.0,577200.0,41520.0,34530.0,28682.96,30443.26,29838.25,35723.83,44924.0,55833.85,226115.0,235532.0,220624.0,216458.0,190707.0,0.0,5840107.149999999
"Meat of buffalo, fresh or chilled",0,0.0,0.0,0.0,0.0,0.0,0.0,0.0,0.0,0.0,0.0,0.0,0.0,0.0,0.0,0.0,0.0,0.0,0.0,0.0,0.0,0.0,0.0,0.0,0.0,0.0,0.0,0.0,0.0,0.0,0.0,0.0,0.0,0.0,0.0,0.0,0.0,0.0,0.0,0.0,0.0,0.0,0.0,0.0,0.0,0.0,0.0,0.0,0.0,0.0,0.0,0.0,0.0,0.0,0.0,0.0,0.0,0.0,0.0,0.0,0.0,0.0,0.0,Production,9360.24,8797.9,9015.58,9632.34,9868.16,9777.46,9360.24,8598.36,8362.54,9323.96,9977.0,10067.7,7655.08,9414.66,8072.3,8253.7,8108.58,8199.28,6983.9,7020.18,7020.18,7002.04,6475.98,6040.62,5623.4,4480.58,4535.0,5133.62,4607.56,4063.36,3092.0,3196.27,3119.9,3664.64,3533.85,3640.88,3432.09,3177.4,2815.15,2827.48,2241.56,2014.27,2023.7,2352.58,3103.0,5735.0,6296.0,6880.0,7588.0,8372.0,8790.0,8990.0,7686.0,7050.0,6822.0,6819.0,7668.0,6881.0,7370.0,6550.79,6035.25,390599.30999999994
"Meat of cattle with the bone, fresh or chilled",0,0.0,0.0,0.0,0.0,0.0,0.0,0.0,0.0,0.0,0.0,0.0,0.0,0.0,0.0,0.0,0.0,0.0,0.0,0.0,0.0,0.0,0.0,0.0,0.0,0.0,0.0,0.0,0.0,0.0,0.0,0.0,0.0,0.0,0.0,0.0,0.0,0.0,0.0,0.0,0.0,0.0,0.0,0.0,0.0,0.0,0.0,0.0,0.0,0.0,0.0,0.0,0.0,0.0,0.0,0.0,0.0,0.0,0.0,0.0,0.0,0.0,0.0,Production,5840.1,5896.8,6010.2,6463.8,6917.4,6448.72,6849.93,6287.24,6504.62,6424.22,6956.52,8550.7,6286.1,7566.05,7086.71,7072.42,6937.02,7261.91,9585.14,11793.6,11487.42,12383.28,10534.86,10829.7,10342.08,10727.64,10773.0,11748.24,10738.98,11113.2,11219.0,11636.73,12143.1,11523.36,13385.15,12405.12,12511.91,13530.6,15484.85,14673.52,17077.44,20175.73,21942.3,24305.42,26293.0,26150.0,28680.0,31370.0,34590.0,38138.0,40045.0,42287.0,44029.0,45851.0,43672.0,41137.0,38665.0,40043.0,36655.0,34828.0,34810.25,1092675.0799999998
"Meat of chickens, fresh or chilled",0,0.0,0.0,0.0,0.0,0.0,0.0,0.0,0.0,0.0,0.0,0.0,0.0,0.0,0.0,0.0,0.0,0.0,0.0,0.0,0.0,0.0,0.0,0.0,0.0,0.0,0.0,0.0,0.0,0.0,0.0,0.0,0.0,0.0,0.0,0.0,0.0,0.0,0.0,0.0,0.0,0.0,0.0,0.0,0.0,0.0,0.0,0.0,0.0,0.0,0.0,0.0,0.0,0.0,0.0,0.0,0.0,0.0,0.0,0.0,0.0,0.0,0.0,Production,22000.0,24000.0,29000.0,32000.0,38000.0,42000.0,46000.0,51000.0,56000.0,60000.0,62000.0,63000.0,69000.0,76000.0,94000.0,96000.0,94000.0,100000.0,105000.0,114500.0,130100.0,142000.0,160000.0,180000.0,221400.0,248800.0,277200.0,290000.0,300000.0,348500.0,434974.0,523000.0,606000.0,645000.0,660737.0,665000.0,670000.0,675000.0,678000.0,649986.0,682230.0,761342.0,765035.0,825466.0,860000.0,903052.0,942600.0,990673.6,1021420.0,1108091.0,1147870.0,1223188.0,1297703.0,1415515.0,1511442.0,1676246.0,1598258.07,1587539.23,1589081.0,1628609.0,1558808.9,34873366.800000004
"Meat of ducks, fresh or chilled",0,0.0,0.0,0.0,0.0,0.0,0.0,0.0,0.0,0.0,0.0,0.0,0.0,0.0,0.0,0.0,0.0,0.0,0.0,0.0,0.0,0.0,0.0,0.0,0.0,0.0,0.0,0.0,0.0,0.0,0.0,0.0,0.0,0.0,0.0,0.0,0.0,0.0,0.0,0.0,0.0,0.0,0.0,0.0,0.0,0.0,0.0,0.0,0.0,0.0,0.0,0.0,0.0,0.0,0.0,0.0,0.0,0.0,0.0,0.0,0.0,0.0,0.0,Production,7400.0,8100.0,7700.0,9500.0,8600.0,9800.0,11100.0,11700.0,12700.0,14500.0,14700.0,16100.0,17400.0,18800.0,19400.0,20700.0,20900.0,21900.0,23200.0,21500.0,16500.0,26700.0,29400.0,29700.0,29400.0,22200.0,33800.0,32700.0,37600.0,36400.0,38500.0,35800.0,38200.0,39100.0,46000.0,48000.0,50000.0,55000.0,60000.0,64284.0,68767.0,52716.0,81619.0,102024.0,104000.0,124248.0,132000.0,139508.4,144240.0,155472.0,160136.0,151181.0,160390.0,157279.0,121966.0,78985.0,66594.09,66147.47,66212.0,74161.0,66643.6,3339273.56
"Meat of goat, fresh or chilled",0,0.0,0.0,0.0,0.0,0.0,0.0,0.0,0.0,0.0,0.0,0.0,0.0,0.0,0.0,0.0,0.0,0.0,0.0,0.0,0.0,0.0,0.0,0.0,0.0,0.0,0.0,0.0,0.0,0.0,0.0,0.0,0.0,0.0,0.0,0.0,0.0,0.0,0.0,0.0,0.0,0.0,0.0,0.0,0.0,0.0,0.0,0.0,0.0,0.0,0.0,0.0,0.0,0.0,0.0,0.0,0.0,0.0,0.0,0.0,0.0,0.0,0.0,Production,1143.3,1054.0,979.35,1082.04,1173.98,1243.99,1048.97,909.64,987.48,965.09,1005.52,1040.29,912.11,832.09,845.88,832.05,819.07,836.08,712.53,775.32,632.45,561.47,614.25,577.85,557.83,495.04,400.4,399.49,456.82,472.29,584.71,572.53,555.08,594.42,460.42,440.5,432.78,426.73,472.5,519.04,601.79,739.0,898.0,903.0,1019.0,1120.0,1246.0,1370.4,1512.9,1670.5,2268.5,3649.2,3258.8,2995.1,2930.0,3192.0,2368.33,2554.19,2171.0,1822.95,1681.67,69397.71
"Meat of pig with the bone, fresh or chilled",0,0.0,0.0,0.0,0.0,0.0,0.0,0.0,0.0,0.0,0.0,0.0,0.0,0.0,0.0,0.0,0.0,0.0,0.0,0.0,0.0,0.0,0.0,0.0,0.0,0.0,0.0,0.0,0.0,0.0,0.0,0.0,0.0,0.0,0.0,0.0,0.0,0.0,0.0,0.0,0.0,0.0,0.0,0.0,0.0,0.0,0.0,0.0,0.0,0.0,0.0,0.0,0.0,0.0,0.0,0.0,0.0,0.0,0.0,0.0,0.0,0.0,0.0,Production,55348.0,60334.8,56170.0,56444.0,58636.0,62691.2,60773.2,58910.0,66636.8,70418.0,69267.2,75295.2,74308.8,79843.6,113107.2,126040.0,116066.4,118148.8,120066.8,135575.2,144672.0,134479.2,143959.6,142754.0,153111.2,158865.2,174757.2,162701.2,196285.0,226599.0,233277.0,250893.0,262771.0,284789.0,283359.0,278303.0,282316.0,260172.0,158685.0,159818.0,184702.0,192900.0,190933.0,200180.0,208323.0,216747.0,200109.0,195070.0,206026.0,234000.0,214308.0,218471.0,217422.0,217558.0,222598.0,195176.0,218177.0,223862.0,222791.0,220586.4,219178.6,10145765.8
"Meat of sheep, fresh or chilled",0,0.0,0.0,0.0,0.0,0.0,0.0,0.0,0.0,0.0,0.0,0.0,0.0,0.0,0.0,0.0,0.0,0.0,0.0,0.0,0.0,0.0,0.0,0.0,0.0,0.0,0.0,0.0,0.0,0.0,0.0,0.0,0.0,0.0,0.0,0.0,0.0,0.0,0.0,0.0,0.0,0.0,0.0,0.0,0.0,0.0,0.0,0.0,0.0,0.0,0.0,0.0,0.0,0.0,0.0,0.0,0.0,0.0,0.0,0.0,0.0,0.0,0.0,Production,910.91,983.59,922.2,731.73,715.5,715.5,586.14,596.25,795.0,826.8,842.7,906.3,386.58,342.76,434.36,546.01,477.0,333.9,238.5,153.59,111.36,79.55,318.0,146.28,112.89,176.49,238.5,397.5,318.0,318.0,96.49,96.27,61.12,113.88,210.88,131.7,122.62,311.97,421.1,368.96,336.21,391.0,404.0,417.0,441.0,480.0,534.0,588.0,649.0,716.0,823.0,1157.0,1430.0,1551.0,1477.0,1799.0,2031.74,1879.54,2029.0,2093.81,1937.25,39761.43
"Meat, Poultry",0,0.0,0.0,0.0,0.0,0.0,0.0,0.0,0.0,0.0,0.0,0.0,0.0,0.0,0.0,0.0,0.0,0.0,0.0,0.0,0.0,0.0,0.0,0.0,0.0,0.0,0.0,0.0,0.0,0.0,0.0,0.0,0.0,0.0,0.0,0.0,0.0,0.0,0.0,0.0,0.0,0.0,0.0,0.0,0.0,0.0,0.0,0.0,0.0,0.0,0.0,0.0,0.0,0.0,0.0,0.0,0.0,0.0,0.0,0.0,0.0,0.0,0.0,Production,29400.0,32100.0,36700.0,41500.0,46600.0,51800.0,57100.0,62700.0,68700.0,74500.0,76700.0,79100.0,86400.0,94800.0,113400.0,116700.0,114900.0,121900.0,128200.0,136000.0,146600.0,168700.0,189400.0,209700.0,250800.0,271000.0,311000.0,322700.0,337600.0,384900.0,473474.0,558800.0,644200.0,684100.0,706737.0,713000.0,720000.0,730000.0,738000.0,714270.0,750997.0,814058.0,846654.0,927490.0,964000.0,1027300.0,1074600.0,1130182.0,1165660.0,1263563.0,1308006.0,1374369.0,1458093.0,1572794.0,1633408.0,1755231.0,1664852.16,1653686.7,1655293.0,1702770.0,1625452.5,38212640.36
"Meat, Total",0,0.0,0.0,0.0,0.0,0.0,0.0,0.0,0.0,0.0,0.0,0.0,0.0,0.0,0.0,0.0,0.0,0.0,0.0,0.0,0.0,0.0,0.0,0.0,0.0,0.0,0.0,0.0,0.0,0.0,0.0,0.0,0.0,0.0,0.0,0.0,0.0,0.0,0.0,0.0,0.0,0.0,0.0,0.0,0.0,0.0,0.0,0.0,0.0,0.0,0.0,0.0,0.0,0.0,0.0,0.0,0.0,0.0,0.0,0.0,0.0,0.0,0.0,Production,102051.0,109217.0,109847.0,115908.0,123965.0,132731.0,135773.0,138056.0,152041.0,162513.0,164804.0,175017.0,176005.0,192856.0,243003.0,259501.0,247364.0,256736.0,265844.0,291375.0,310581.0,323263.0,351363.0,370106.0,420607.0,445805.0,501782.0,503158.0,550072.0,627556.0,721851.2,825308.8,922940.2,984851.3,1007746.3,1008065.2,1018959.4,1007654.7,915950.6,892585.0,956136.0,1030578.0,1063095.0,1155888.0,1203419.0,1277772.0,1311681.0,1365700.4,1416253.9,1546663.5,1574450.5,1649124.8,1732076.41,1847965.55,1911075.02,2003544.69,1933966.02,1929105.4,1926455.48,1968844.53,1889288.76,49957896.65999999
"Milk, Total",0,0.0,0.0,0.0,0.0,0.0,0.0,0.0,0.0,0.0,0.0,0.0,0.0,0.0,0.0,0.0,0.0,0.0,0.0,0.0,0.0,0.0,0.0,0.0,0.0,0.0,0.0,0.0,0.0,0.0,0.0,0.0,0.0,0.0,0.0,0.0,0.0,0.0,0.0,0.0,0.0,0.0,0.0,0.0,0.0,0.0,0.0,0.0,0.0,0.0,0.0,0.0,0.0,0.0,0.0,0.0,0.0,0.0,0.0,0.0,0.0,0.0,0.0,Production,33670.0,33900.0,31430.0,34245.0,33900.0,33985.0,30770.0,29160.0,31270.0,31960.0,32100.0,31625.0,32095.0,31525.0,30740.0,32195.0,31695.0,35450.0,37345.0,37225.0,38275.0,38145.0,33270.0,33155.0,30310.0,31390.0,33005.0,36790.0,38660.0,38745.0,40227.01,41980.79,42391.07,44891.52,45904.46,44938.21,42331.1,40999.03,37601.83,37656.22,38605.78,44824.73,45585.26,48333.92,50386.48,52950.0,60080.25,65501.5,71300.0,76200.0,80370.0,81310.0,82990.0,83653.61,84305.26,45033.56,44708.28,46266.69,48112.15,47378.96,49364.52,2674212.1899999995
Molasses,0,0.0,0.0,0.0,0.0,0.0,0.0,0.0,0.0,0.0,0.0,0.0,0.0,0.0,0.0,0.0,0.0,0.0,0.0,0.0,0.0,0.0,0.0,0.0,0.0,0.0,0.0,0.0,0.0,0.0,0.0,0.0,0.0,0.0,0.0,0.0,0.0,0.0,0.0,0.0,0.0,0.0,0.0,0.0,0.0,0.0,0.0,0.0,0.0,0.0,0.0,0.0,0.0,0.0,0.0,0.0,0.0,0.0,0.0,0.0,0.0,0.0,0.0,Production,120.0,240.0,240.0,300.0,300.0,600.0,600.0,900.0,900.0,1500.0,3000.0,6500.0,10700.0,19000.0,20000.0,28000.0,30000.0,46000.0,52000.0,50000.0,44000.0,48000.0,55000.0,56000.0,61000.0,69000.0,70000.0,65000.0,50000.0,50100.0,47000.0,50000.0,43000.0,37000.0,39000.0,40000.0,42000.0,42000.0,40000.0,42000.0,43000.0,32500.0,26500.0,25000.0,23500.0,16000.0,11500.0,10000.0,14000.0,15000.0,15500.0,17000.0,10000.0,12000.0,746.95,651.4,805.87,549.76,427.44,632.72,0.0,1536314.14
Oil of palm kernel,0,0.0,0.0,0.0,0.0,0.0,0.0,0.0,0.0,0.0,0.0,0.0,0.0,0.0,0.0,0.0,0.0,0.0,0.0,0.0,0.0,0.0,0.0,0.0,0.0,0.0,0.0,0.0,0.0,0.0,0.0,0.0,0.0,0.0,0.0,0.0,0.0,0.0,0.0,0.0,0.0,0.0,0.0,0.0,0.0,0.0,0.0,0.0,0.0,0.0,0.0,0.0,0.0,0.0,0.0,0.0,0.0,0.0,0.0,0.0,0.0,0.0,0.0,Production,2000.0,4000.0,5000.0,5000.0,6000.0,8000.0,12000.0,11000.0,16000.0,26000.0,41000.0,57000.0,70865.0,71999.0,108260.0,117205.0,142495.0,142291.0,195577.0,222285.0,243354.0,336976.0,360220.0,423375.0,511737.0,580026.0,562861.0,620837.0,745481.0,827233.0,782133.0,811978.0,965677.0,978143.0,1036538.0,1107040.0,1164700.0,1110740.0,1338905.0,1385400.0,1532000.0,1473000.0,1644100.0,1644400.0,1842600.0,1956000.0,1907713.0,2131000.0,2097096.0,2014943.0,2144698.0,2164024.0,2269822.0,2277382.0,2276466.0,1959423.0,2280913.0,2299985.0,2322184.0,2203313.0,0.0,57598393.0
Oil of sesame seed,0,0.0,0.0,0.0,0.0,0.0,0.0,0.0,0.0,0.0,0.0,0.0,0.0,0.0,0.0,0.0,0.0,0.0,0.0,0.0,0.0,0.0,0.0,0.0,0.0,0.0,0.0,0.0,0.0,0.0,0.0,0.0,0.0,0.0,0.0,0.0,0.0,0.0,0.0,0.0,0.0,0.0,0.0,0.0,0.0,0.0,0.0,0.0,0.0,0.0,0.0,0.0,0.0,0.0,0.0,0.0,0.0,0.0,0.0,0.0,0.0,0.0,0.0,Production,11.64,969.64,982.8,1002.06,952.94,960.69,1110.55,1060.31,888.69,1156.72,1128.41,1088.78,1396.23,1260.39,1086.6,1091.31,1203.87,1304.35,1162.92,1284.1,1041.33,1093.07,1243.45,1710.84,1869.67,2196.1,2105.98,2080.71,2259.48,2471.7,1873.12,2826.91,2612.42,2958.39,2733.98,3161.06,3449.6,3673.78,3082.29,3600.95,2995.32,3343.82,3146.07,3521.72,3779.74,3670.16,3916.61,3371.98,3579.72,3724.3,3966.48,4938.2,9209.38,4310.2,4328.69,4566.78,4351.36,4365.33,4842.78,4322.93,0.0,153399.4
Palm kernels,0,0.0,0.0,0.0,0.0,0.0,0.0,0.0,0.0,0.0,0.0,0.0,0.0,0.0,0.0,0.0,0.0,0.0,0.0,0.0,0.0,0.0,0.0,0.0,0.0,0.0,0.0,0.0,0.0,0.0,0.0,0.0,0.0,0.0,0.0,0.0,0.0,0.0,0.0,0.0,0.0,0.0,0.0,0.0,0.0,0.0,0.0,0.0,0.0,0.0,0.0,0.0,0.0,0.0,0.0,0.0,0.0,0.0,0.0,0.0,0.0,0.0,0.0,Production,24600.0,28300.0,30600.0,30600.0,35100.0,44130.0,50755.0,62667.0,78319.0,92371.0,126298.0,134804.0,152394.0,194711.0,232821.0,256015.0,334791.0,367540.0,475039.0,549956.0,588783.0,909918.0,834570.0,1045603.0,1211887.0,1336263.0,1311218.0,1473288.0,1793690.0,1844737.0,1785218.0,1874367.0,2266160.0,2203930.0,2395588.0,2488750.0,2638070.0,2428470.0,3025690.0,3162760.0,3367710.0,3268635.0,3627235.0,3661500.0,3964000.0,4125000.0,4097000.0,4577000.0,4504000.0,4292076.0,4706603.0,4705900.0,4859302.0,4888756.0,4915661.0,4190436.0,4950961.0,4859393.0,4891951.0,4703981.0,0.0,127077871.0
Palm oil,0,0.0,0.0,0.0,0.0,0.0,0.0,0.0,0.0,0.0,0.0,0.0,0.0,0.0,0.0,0.0,0.0,0.0,0.0,0.0,0.0,0.0,0.0,0.0,0.0,0.0,0.0,0.0,0.0,0.0,0.0,0.0,0.0,0.0,0.0,0.0,0.0,0.0,0.0,0.0,0.0,0.0,0.0,0.0,0.0,0.0,0.0,0.0,0.0,0.0,0.0,0.0,0.0,0.0,0.0,0.0,0.0,0.0,0.0,0.0,0.0,0.0,0.0,Production,94846.0,108171.0,125691.0,122913.0,150411.0,189687.0,225758.0,282984.0,352096.0,431069.0,580389.0,718580.0,812614.0,1045975.0,1257573.0,1391965.0,1612747.0,1785525.0,2188699.0,2573173.0,2822144.0,3510920.0,3016481.0,3714795.0,4134463.0,4542249.0,4531960.0,5027496.0,6056501.0,6094622.0,6141353.0,6373460.0,7402930.0,7220630.0,7810546.0,8385890.0,9068730.0,8319680.0,10553918.0,10842095.0,11804000.0,11909300.0,13354800.0,13976200.0,14961700.0,15880700.0,15823745.0,17734440.0,17564936.0,16993717.0,18911520.0,18785030.0,19216459.0,19667016.0,19961581.0,17319177.0,19919331.0,19516141.0,19858367.0,19140613.0,0.0,483920502.0
"Pig fat, rendered",0,0.0,0.0,0.0,0.0,0.0,0.0,0.0,0.0,0.0,0.0,0.0,0.0,0.0,0.0,0.0,0.0,0.0,0.0,0.0,0.0,0.0,0.0,0.0,0.0,0.0,0.0,0.0,0.0,0.0,0.0,0.0,0.0,0.0,0.0,0.0,0.0,0.0,0.0,0.0,0.0,0.0,0.0,0.0,0.0,0.0,0.0,0.0,0.0,0.0,0.0,0.0,0.0,0.0,0.0,0.0,0.0,0.0,0.0,0.0,0.0,0.0,0.0,Production,363.6,396.36,370.12,374.24,390.8,418.08,406.04,397.64,439.2,469.08,467.76,498.08,495.84,545.4,759.68,830.88,767.6,784.64,798.68,912.56,958.64,907.04,968.36,969.08,1044.24,1075.16,1183.8,1126.44,1324.0,1529.0,1589.88,1700.42,1762.76,1933.0,1889.56,1879.15,1906.8,1733.25,1082.45,1080.94,1252.8,1293.16,1337.5,1418.18,1429.38,1465.35,1350.42,1334.05,1415.89,2030.68,1860.19,1887.68,1897.22,1882.73,1923.7,1701.81,1683.06,1524.37,1897.14,1889.7,0.0,71005.26
"Rapeseed or canola oil, crude",0,0.0,0.0,0.0,0.0,0.0,0.0,0.0,0.0,0.0,0.0,0.0,0.0,0.0,0.0,0.0,0.0,0.0,0.0,0.0,0.0,0.0,0.0,0.0,0.0,0.0,0.0,0.0,0.0,0.0,0.0,0.0,0.0,0.0,0.0,0.0,0.0,0.0,0.0,0.0,0.0,0.0,0.0,0.0,0.0,0.0,0.0,0.0,0.0,0.0,0.0,0.0,0.0,0.0,0.0,0.0,0.0,0.0,0.0,0.0,0.0,0.0,0.0,Production,0.0,0.0,0.0,0.0,0.0,0.0,0.0,0.0,0.0,0.0,0.0,0.0,0.0,0.0,0.0,0.0,0.0,13.6,22.0,20.0,43.2,46.4,20.0,31.6,46.8,44.4,28.0,43.6,50.8,44.0,36.4,22.8,42.0,11.2,12.4,7.2,7.2,8.4,3678.0,12376.4,3111.2,4310.8,39.2,1379.2,40.0,33.2,4.0,11.2,20.4,34.8,152.8,379.2,4800.0,4400.0,8100.0,12500.0,15500.0,15700.0,14100.0,19800.0,0.0,121072.40000000001
Raw cane or beet sugar (centrifugal only),0,0.0,0.0,0.0,0.0,0.0,0.0,0.0,0.0,0.0,0.0,0.0,0.0,0.0,0.0,0.0,0.0,0.0,0.0,0.0,0.0,0.0,0.0,0.0,0.0,0.0,0.0,0.0,0.0,0.0,0.0,0.0,0.0,0.0,0.0,0.0,0.0,0.0,0.0,0.0,0.0,0.0,0.0,0.0,0.0,0.0,0.0,0.0,0.0,0.0,0.0,0.0,0.0,0.0,0.0,0.0,0.0,0.0,0.0,0.0,0.0,0.0,0.0,Production,200.0,400.0,400.0,500.0,500.0,1000.0,1000.0,1500.0,1500.0,2500.0,5000.0,11000.0,18000.0,34000.0,53000.0,63000.0,81000.0,69000.0,75000.0,52000.0,49000.0,70000.0,77000.0,82000.0,81000.0,94000.0,98000.0,88000.0,100000.0,105000.0,95000.0,104000.0,106000.0,114000.0,102000.0,105000.0,108000.0,100000.0,105000.0,108000.0,110000.0,79000.0,78000.0,71000.0,62000.0,38000.0,27000.0,22000.0,39219.0,44780.0,43433.0,47843.0,28072.0,28149.0,2097.44,1829.12,2262.87,1543.71,1200.26,1776.67,0.0,3090706.07
Raw hides and skins of buffaloes,0,0.0,0.0,0.0,0.0,0.0,0.0,0.0,0.0,0.0,0.0,0.0,0.0,0.0,0.0,0.0,0.0,0.0,0.0,0.0,0.0,0.0,0.0,0.0,0.0,0.0,0.0,0.0,0.0,0.0,0.0,0.0,0.0,0.0,0.0,0.0,0.0,0.0,0.0,0.0,0.0,0.0,0.0,0.0,0.0,0.0,0.0,0.0,0.0,0.0,0.0,0.0,0.0,0.0,0.0,0.0,0.0,0.0,0.0,0.0,0.0,0.0,0.0,Production,1290.0,1212.5,1242.5,1327.5,1360.0,1347.5,1290.0,1185.0,1152.5,1285.0,1375.0,1387.5,1055.0,1297.5,1112.5,1137.5,1117.5,1130.0,962.5,967.5,967.5,965.0,892.5,832.5,775.0,617.5,625.0,707.5,635.0,560.0,422.18,436.41,425.99,500.36,482.51,497.12,468.61,433.84,384.38,386.06,306.06,275.02,276.31,321.22,423.68,783.05,859.65,939.38,1036.05,1143.1,1200.17,1227.48,1049.43,962.6,931.47,931.06,1046.98,939.52,1006.29,894.43,824.04,53626.95
Raw hides and skins of cattle,0,0.0,0.0,0.0,0.0,0.0,0.0,0.0,0.0,0.0,0.0,0.0,0.0,0.0,0.0,0.0,0.0,0.0,0.0,0.0,0.0,0.0,0.0,0.0,0.0,0.0,0.0,0.0,0.0,0.0,0.0,0.0,0.0,0.0,0.0,0.0,0.0,0.0,0.0,0.0,0.0,0.0,0.0,0.0,0.0,0.0,0.0,0.0,0.0,0.0,0.0,0.0,0.0,0.0,0.0,0.0,0.0,0.0,0.0,0.0,0.0,0.0,0.0,Production,927.0,936.0,954.0,1026.0,1098.0,1023.61,1087.29,997.97,1032.48,1019.72,1104.21,1357.25,997.79,1200.96,1124.87,1122.61,1101.11,1152.68,1521.45,1872.0,1823.4,1965.6,1672.2,1719.0,1641.6,1702.8,1710.0,1864.8,1704.6,1764.0,1771.42,1837.38,1917.33,1819.48,2113.44,1958.7,1975.57,2136.41,2444.98,2316.87,2696.44,3185.64,3464.57,3837.7,4151.53,4128.95,4528.42,4953.16,5461.58,6021.79,6322.89,6676.89,6951.95,7239.63,6895.58,6495.32,6105.0,6322.58,5787.63,5499.16,5496.36,172739.34999999998
Raw hides and skins of goats or kids,0,0.0,0.0,0.0,0.0,0.0,0.0,0.0,0.0,0.0,0.0,0.0,0.0,0.0,0.0,0.0,0.0,0.0,0.0,0.0,0.0,0.0,0.0,0.0,0.0,0.0,0.0,0.0,0.0,0.0,0.0,0.0,0.0,0.0,0.0,0.0,0.0,0.0,0.0,0.0,0.0,0.0,0.0,0.0,0.0,0.0,0.0,0.0,0.0,0.0,0.0,0.0,0.0,0.0,0.0,0.0,0.0,0.0,0.0,0.0,0.0,0.0,0.0,Production,288.97,266.4,247.53,273.48,296.72,314.41,265.12,229.91,249.58,243.92,254.14,262.93,230.53,210.31,213.79,210.3,207.02,211.32,180.09,195.96,159.85,141.91,155.25,146.05,140.99,125.12,101.2,100.97,115.46,119.37,190.67,186.69,181.0,193.83,150.14,143.64,141.12,139.15,154.08,169.25,196.23,240.98,292.83,294.46,332.28,365.22,406.3,446.87,493.34,544.73,739.73,1189.96,1062.65,976.66,955.43,1040.87,772.28,832.89,707.93,594.44,548.37,20842.619999999995
Raw hides and skins of sheep or lambs,0,0.0,0.0,0.0,0.0,0.0,0.0,0.0,0.0,0.0,0.0,0.0,0.0,0.0,0.0,0.0,0.0,0.0,0.0,0.0,0.0,0.0,0.0,0.0,0.0,0.0,0.0,0.0,0.0,0.0,0.0,0.0,0.0,0.0,0.0,0.0,0.0,0.0,0.0,0.0,0.0,0.0,0.0,0.0,0.0,0.0,0.0,0.0,0.0,0.0,0.0,0.0,0.0,0.0,0.0,0.0,0.0,0.0,0.0,0.0,0.0,0.0,0.0,Production,200.51,216.51,203.0,161.07,157.5,157.5,129.02,131.25,175.0,182.0,185.5,199.5,85.1,75.45,95.61,120.19,105.0,73.5,52.5,33.81,24.51,17.51,70.0,32.2,24.85,38.85,52.5,87.5,70.0,70.0,24.12,24.07,15.28,28.47,52.72,32.92,30.65,77.99,105.27,92.24,84.05,97.75,101.0,104.25,110.25,120.0,133.5,147.0,162.25,179.0,205.75,289.25,357.5,387.75,369.25,449.75,507.94,469.88,507.25,523.45,484.31,9502.3
Raw milk of buffalo,0,0.0,0.0,0.0,0.0,0.0,0.0,0.0,0.0,0.0,0.0,0.0,0.0,0.0,0.0,0.0,0.0,0.0,0.0,0.0,0.0,0.0,0.0,0.0,0.0,0.0,0.0,0.0,0.0,0.0,0.0,0.0,0.0,0.0,0.0,0.0,0.0,0.0,0.0,0.0,0.0,0.0,0.0,0.0,0.0,0.0,0.0,0.0,0.0,0.0,0.0,0.0,0.0,0.0,0.0,0.0,0.0,0.0,0.0,0.0,0.0,0.0,0.0,Production,15870.0,16100.0,16330.0,16445.0,16100.0,15985.0,15870.0,14260.0,13570.0,14260.0,13800.0,13225.0,12995.0,13225.0,13340.0,12995.0,12995.0,13800.0,12995.0,13225.0,12075.0,11845.0,11270.0,11155.0,10810.0,9890.0,10005.0,9890.0,9660.0,9545.0,11217.01,10800.79,9271.07,9411.52,9134.46,8718.21,8441.1,8999.03,8721.83,8166.22,8445.78,8864.73,9005.26,9563.92,9286.48,7500.0,9010.25,9011.5,9000.0,9200.0,9500.0,8900.0,9000.0,8383.61,8265.26,8296.56,8098.28,7777.69,7532.15,5601.26,5567.82,662221.79
Raw milk of cattle,0,0.0,0.0,0.0,0.0,0.0,0.0,0.0,0.0,0.0,0.0,0.0,0.0,0.0,0.0,0.0,0.0,0.0,0.0,0.0,0.0,0.0,0.0,0.0,0.0,0.0,0.0,0.0,0.0,0.0,0.0,0.0,0.0,0.0,0.0,0.0,0.0,0.0,0.0,0.0,0.0,0.0,0.0,0.0,0.0,0.0,0.0,0.0,0.0,0.0,0.0,0.0,0.0,0.0,0.0,0.0,0.0,0.0,0.0,0.0,0.0,0.0,0.0,Production,17800.0,17800.0,15100.0,17800.0,17800.0,18000.0,14900.0,14900.0,17700.0,17700.0,18300.0,18400.0,19100.0,18300.0,17400.0,19200.0,18700.0,21650.0,24350.0,24000.0,26200.0,26300.0,22000.0,22000.0,19500.0,21500.0,23000.0,26900.0,29000.0,29200.0,29010.0,31180.0,33120.0,35480.0,36770.0,36220.0,33890.0,32000.0,28880.0,29490.0,30160.0,35960.0,36580.0,38770.0,41100.0,45450.0,51070.0,56490.0,62300.0,67000.0,70870.0,72410.0,73990.0,75270.0,76040.0,36737.0,36610.0,38489.0,40580.0,41777.7,43796.7,2011990.4
Sheep and Goat Meat,0,0.0,0.0,0.0,0.0,0.0,0.0,0.0,0.0,0.0,0.0,0.0,0.0,0.0,0.0,0.0,0.0,0.0,0.0,0.0,0.0,0.0,0.0,0.0,0.0,0.0,0.0,0.0,0.0,0.0,0.0,0.0,0.0,0.0,0.0,0.0,0.0,0.0,0.0,0.0,0.0,0.0,0.0,0.0,0.0,0.0,0.0,0.0,0.0,0.0,0.0,0.0,0.0,0.0,0.0,0.0,0.0,0.0,0.0,0.0,0.0,0.0,0.0,Production,2054.0,2038.0,1902.0,1814.0,1889.0,1959.0,1635.0,1506.0,1782.0,1792.0,1848.0,1947.0,1299.0,1175.0,1280.0,1378.0,1296.0,1170.0,951.0,929.0,744.0,641.0,932.0,724.0,671.0,672.0,639.0,797.0,775.0,790.0,681.2,668.8,616.2,708.3,671.3,572.2,555.4,738.7,893.6,888.0,938.0,1130.0,1302.0,1320.0,1460.0,1600.0,1780.0,1958.4,2161.9,2386.5,3091.5,4806.2,4688.8,4546.1,4407.0,4991.0,4400.07,4433.73,4200.0,3916.76,3618.92,109159.58
"Sheep fat, unrendered",0,0.0,0.0,0.0,0.0,0.0,0.0,0.0,0.0,0.0,0.0,0.0,0.0,0.0,0.0,0.0,0.0,0.0,0.0,0.0,0.0,0.0,0.0,0.0,0.0,0.0,0.0,0.0,0.0,0.0,0.0,0.0,0.0,0.0,0.0,0.0,0.0,0.0,0.0,0.0,0.0,0.0,0.0,0.0,0.0,0.0,0.0,0.0,0.0,0.0,0.0,0.0,0.0,0.0,0.0,0.0,0.0,0.0,0.0,0.0,0.0,0.0,0.0,Production,0.0,0.0,0.0,0.0,0.0,0.0,0.0,0.0,0.0,0.0,0.0,0.0,0.0,0.0,0.0,0.0,0.0,0.0,0.0,0.0,0.0,0.0,0.0,0.0,0.0,0.0,0.0,0.0,0.0,0.0,1.21,1.2,0.76,1.42,2.64,1.65,1.53,3.9,5.26,4.61,4.2,4.89,5.05,5.21,5.51,6.0,6.67,7.35,8.11,8.95,10.29,14.46,17.88,19.39,18.46,22.49,25.4,23.49,25.36,26.17,24.22,313.73
"Shorn wool, greasy, including fleece-washed shorn wool",0,0.0,0.0,0.0,0.0,0.0,0.0,0.0,0.0,0.0,0.0,0.0,0.0,0.0,0.0,0.0,0.0,0.0,0.0,0.0,0.0,0.0,0.0,0.0,0.0,0.0,0.0,0.0,0.0,0.0,0.0,0.0,0.0,0.0,0.0,0.0,0.0,0.0,0.0,0.0,0.0,0.0,0.0,0.0,0.0,0.0,0.0,0.0,0.0,0.0,0.0,0.0,0.0,0.0,0.0,0.0,0.0,0.0,0.0,0.0,0.0,0.0,0.0,Production,38.0,36.09,38.18,38.79,43.67,39.0,38.0,37.11,39.96,39.21,38.05,41.02,41.89,44.0,46.5,48.69,53.5,56.03,67.13,61.28,67.28,63.4,60.4,69.37,78.81,90.91,130.0,150.0,183.0,205.41,246.65,276.1,261.58,248.61,221.68,187.41,167.41,165.77,151.54,157.07,129.11,125.84,115.13,115.5,115.92,165.0,181.0,131.26,136.28,160.5,160.5,160.5,160.5,159.42,157.95,157.09,157.79,163.76,160.57,162.52,164.94,7209.58
"Skim Milk & Buttermilk, Dry",0,0.0,0.0,0.0,0.0,0.0,0.0,0.0,0.0,0.0,0.0,0.0,0.0,0.0,0.0,0.0,0.0,0.0,0.0,0.0,0.0,0.0,0.0,0.0,0.0,0.0,0.0,0.0,0.0,0.0,0.0,0.0,0.0,0.0,0.0,0.0,0.0,0.0,0.0,0.0,0.0,0.0,0.0,0.0,0.0,0.0,0.0,0.0,0.0,0.0,0.0,0.0,0.0,0.0,0.0,0.0,0.0,0.0,0.0,0.0,0.0,0.0,0.0,Production,0.0,0.0,0.0,0.0,0.0,0.0,0.0,0.0,0.0,0.0,0.0,0.0,0.0,0.0,0.0,0.0,0.0,0.0,0.0,0.0,0.0,0.0,0.0,0.0,0.0,0.0,0.0,0.0,0.0,0.0,0.0,0.0,0.0,0.0,0.0,0.0,0.0,0.0,0.0,0.0,0.0,0.0,0.0,0.0,0.0,0.0,0.0,0.0,0.0,0.0,0.0,0.0,0.0,334.0,487.0,440.0,646.0,893.0,977.0,671.0,0.0,4448.0
Skim milk of cows,0,0.0,0.0,0.0,0.0,0.0,0.0,0.0,0.0,0.0,0.0,0.0,0.0,0.0,0.0,0.0,0.0,0.0,0.0,0.0,0.0,0.0,0.0,0.0,0.0,0.0,0.0,0.0,0.0,0.0,0.0,0.0,0.0,0.0,0.0,0.0,0.0,0.0,0.0,0.0,0.0,0.0,0.0,0.0,0.0,0.0,0.0,0.0,0.0,0.0,0.0,0.0,0.0,0.0,0.0,0.0,0.0,0.0,0.0,0.0,0.0,0.0,0.0,Production,1667.41,1679.09,1464.09,1710.92,1720.49,1749.75,1456.27,1446.06,1693.08,1750.12,1761.52,1739.35,1821.23,1731.26,1649.74,1834.11,1759.04,2055.74,2318.86,2347.84,2598.72,2664.04,2490.26,2355.84,1938.9,1990.24,2124.65,2483.82,2678.86,2696.06,2704.16,2907.2,3108.5,3314.76,3458.46,3692.51,3237.48,3189.82,2982.64,3095.43,3022.75,3578.89,3575.67,3824.72,4278.09,4675.9,5183.83,5738.78,6270.72,6565.33,6574.85,6763.68,9153.28,9269.16,9833.81,5724.14,6250.87,6329.01,6049.35,5658.68,0.0,209389.83
Soya bean oil,0,0.0,0.0,0.0,0.0,0.0,0.0,0.0,0.0,0.0,0.0,0.0,0.0,0.0,0.0,0.0,0.0,0.0,0.0,0.0,0.0,0.0,0.0,0.0,0.0,0.0,0.0,0.0,0.0,0.0,0.0,0.0,0.0,0.0,0.0,0.0,0.0,0.0,0.0,0.0,0.0,0.0,0.0,0.0,0.0,0.0,0.0,0.0,0.0,0.0,0.0,0.0,0.0,0.0,0.0,0.0,0.0,0.0,0.0,0.0,0.0,0.0,0.0,Production,2986.67,3156.39,3025.82,3372.83,3275.07,3240.5,3469.63,3681.47,3493.86,4116.17,3771.06,4194.67,4014.3,2819.17,3152.31,3860.85,4101.35,4950.84,4891.09,16068.57,32417.77,31557.71,30939.62,31015.83,36246.65,45278.31,49399.22,64449.17,65990.74,83472.34,107144.19,99950.54,95101.5,94333.76,95664.48,72837.78,91221.6,92972.01,95945.46,108366.24,130545.2,126150.08,112164.76,205552.28,159600.39,74067.2,95657.71,95843.38,92015.02,81400.0,92800.0,83000.0,82300.0,81500.0,96500.0,120800.0,110400.0,100400.0,118000.0,115600.0,0.0,3684243.56
"Sunflower-seed oil, crude",0,0.0,0.0,0.0,0.0,0.0,0.0,0.0,0.0,0.0,0.0,0.0,0.0,0.0,0.0,0.0,0.0,0.0,0.0,0.0,0.0,0.0,0.0,0.0,0.0,0.0,0.0,0.0,0.0,0.0,0.0,0.0,0.0,0.0,0.0,0.0,0.0,0.0,0.0,0.0,0.0,0.0,0.0,0.0,0.0,0.0,0.0,0.0,0.0,0.0,0.0,0.0,0.0,0.0,0.0,0.0,0.0,0.0,0.0,0.0,0.0,0.0,0.0,Production,0.0,0.0,0.0,0.0,0.0,0.0,0.0,0.0,0.0,0.0,0.0,0.0,0.0,0.0,0.0,0.0,0.0,235.35,87.3,99.0,1064.25,2257.2,1168.2,999.0,758.7,1665.0,523.8,668.7,584.1,992.7,1355.4,737.55,2170.35,826.2,238.05,1907.1,2115.0,930.6,3022.2,3009.6,2026.35,603.45,1738.35,795.15,364.5,1066.5,550.35,315.45,361.35,508.95,591.3,1345.5,783.45,1022.87,1130.92,1764.69,2915.65,7123.83,1766.52,2001.33,0.0,56191.80999999999
Tallow,0,0.0,0.0,0.0,0.0,0.0,0.0,0.0,0.0,0.0,0.0,0.0,0.0,0.0,0.0,0.0,0.0,0.0,0.0,0.0,0.0,0.0,0.0,0.0,0.0,0.0,0.0,0.0,0.0,0.0,0.0,0.0,0.0,0.0,0.0,0.0,0.0,0.0,0.0,0.0,0.0,0.0,0.0,0.0,0.0,0.0,0.0,0.0,0.0,0.0,0.0,0.0,0.0,0.0,0.0,0.0,0.0,0.0,0.0,0.0,0.0,0.0,0.0,Production,433.08,420.0,429.36,460.08,480.72,463.44,465.14,427.11,427.78,450.66,484.84,537.85,402.12,489.31,438.57,442.92,434.78,447.5,489.09,560.16,550.44,578.4,505.8,511.64,477.12,459.12,462.0,508.8,462.84,460.32,531.84,538.9,568.68,593.76,634.8,674.64,698.88,663.48,648.0,545.62,595.43,684.88,737.99,798.2,807.6,930.0,880.8,885.6,933.6,708.7,744.33,780.35,894.51,937.01,808.55,949.69,817.85,894.53,1748.29,4035.71,0.0,40833.20999999999
"Whole milk, condensed",0,0.0,0.0,0.0,0.0,0.0,0.0,0.0,0.0,0.0,0.0,0.0,0.0,0.0,0.0,0.0,0.0,0.0,0.0,0.0,0.0,0.0,0.0,0.0,0.0,0.0,0.0,0.0,0.0,0.0,0.0,0.0,0.0,0.0,0.0,0.0,0.0,0.0,0.0,0.0,0.0,0.0,0.0,0.0,0.0,0.0,0.0,0.0,0.0,0.0,0.0,0.0,0.0,0.0,0.0,0.0,0.0,0.0,0.0,0.0,0.0,0.0,0.0,Production,5500.0,8250.0,13700.0,16500.0,22000.0,27500.0,41000.0,60500.0,55000.0,78991.0,69589.0,66463.0,80608.0,77045.0,82273.0,88427.0,93510.0,99351.0,107929.0,113392.0,106362.0,110830.0,113782.0,117442.0,129507.0,126883.0,135029.0,145032.0,147054.0,135578.0,147787.0,170069.0,181274.0,212518.0,200242.0,190607.0,174673.0,154096.0,165119.0,156766.0,149878.0,137859.0,143566.0,123187.0,141839.0,154901.0,170135.0,173234.0,233865.0,232000.0,248000.0,242000.0,185000.0,267338.98,292145.74,254314.32,261654.13,324038.18,302608.35,277030.94,0.0,8542772.64
"Whole milk, evaporated",0,0.0,0.0,0.0,0.0,0.0,0.0,0.0,0.0,0.0,0.0,0.0,0.0,0.0,0.0,0.0,0.0,0.0,0.0,0.0,0.0,0.0,0.0,0.0,0.0,0.0,0.0,0.0,0.0,0.0,0.0,0.0,0.0,0.0,0.0,0.0,0.0,0.0,0.0,0.0,0.0,0.0,0.0,0.0,0.0,0.0,0.0,0.0,0.0,0.0,0.0,0.0,0.0,0.0,0.0,0.0,0.0,0.0,0.0,0.0,0.0,0.0,0.0,Production,550.0,550.0,550.0,550.0,550.0,550.0,2750.0,2750.0,5500.0,5500.0,5500.0,5500.0,8250.0,8250.0,8250.0,8250.0,8250.0,11000.0,11000.0,11000.0,11000.0,16500.0,22000.0,19250.0,22000.0,22000.0,22550.0,24200.0,22000.0,22000.0,22000.0,22000.0,22000.0,22000.0,22000.0,22000.0,22000.0,22000.0,19250.0,22000.0,22000.0,22000.0,22000.0,22000.0,22000.0,22000.0,22000.0,22000.0,16500.0,21653.51,24312.8,24748.47,19821.55,26599.08,30113.4,27244.01,27010.1,33854.08,31615.19,37494.85,0.0,1022767.0399999999
