Item,Element,Y1961,Y1962,Y1963,Y1964,Y1965,Y1966,Y1967,Y1968,Y1969,Y1970,Y1971,Y1972,Y1973,Y1974,Y1975,Y1976,Y1977,Y1978,Y1979,Y1980,Y1981,Y1982,Y1983,Y1984,Y1985,Y1986,Y1987,Y1988,Y1989,Y1990,Y1991,Y1992,Y1993,Y1994,Y1995,Y1996,Y1997,Y1998,Y1999,Y2000,Y2001,Y2002,Y2003,Y2004,Y2005,Y2006,Y2007,Y2008,Y2009,Y2010,Y2011,Y2012,Y2013,Y2014,Y2015,Y2016,Y2017,Y2018,Y2019,Y2020,Y2021,Total
Oil palm fruit,Area harvested,43302.0,46175.0,49073.0,52900.0,59000.0,67400.0,78500.0,99100.0,125400.0,149900.0,184000.0,235100.0,278300.0,329800.0,385666.0,454009.0,521486.0,603087.0,670299.0,777388.0,848143.0,888619.0,1010879.0,1072451.0,1201010.0,1360579.0,1373147.0,1530905.0,1672096.0,1746054.0,2094028.0,2197660.0,2305925.0,2411999.0,2540087.0,2692286.0,2893089.0,3078116.0,3313393.0,3376664.0,3499012.0,3670243.0,3802040.0,3875327.0,4051374.0,4165215.0,4304913.0,4487957.0,4691160.0,4853766.0,5000109.0,5076929.0,5229739.0,4689321.0,4859397.0,5001438.0,5110713.0,5189344.0,5216822.0,5231743.0,5144180.0,141967757.0
"Oilcrops, Cake Equivalent",Area harvested,0.0,0.0,0.0,0.0,0.0,0.0,0.0,0.0,0.0,0.0,0.0,0.0,0.0,0.0,0.0,0.0,0.0,0.0,0.0,0.0,0.0,0.0,0.0,0.0,0.0,0.0,0.0,0.0,0.0,0.0,2501294.0,2585026.0,2679066.0,2778413.0,2898408.0,3049486.0,3233964.0,3408716.0,3637901.0,3694709.0,3812825.0,3985794.0,4119988.0,4195186.0,4376724.0,4426193.0,4571068.0,4746725.0,4938861.0,5099614.0,5255124.0,5323044.0,5469959.0,4932241.0,5087999.0,5234109.0,5349711.0,5434059.0,5475966.0,5484602.0,5393932.0,133180707.0
"Oilcrops, Oil Equivalent",Area harvested,0.0,0.0,0.0,0.0,0.0,0.0,0.0,0.0,0.0,0.0,0.0,0.0,0.0,0.0,0.0,0.0,0.0,0.0,0.0,0.0,0.0,0.0,0.0,0.0,0.0,0.0,0.0,0.0,0.0,0.0,2501294.0,2585026.0,2679066.0,2778413.0,2898408.0,3049486.0,3233964.0,3408716.0,3637901.0,3694709.0,3812825.0,3985794.0,4119988.0,4195186.0,4376724.0,4426193.0,4571068.0,4746725.0,4938861.0,5099614.0,5255124.0,5323044.0,5469959.0,4932241.0,5087999.0,5234109.0,5349711.0,5434059.0,5475966.0,5484602.0,5393932.0,133180707.0
Natural rubber in primary forms,Area harvested,1300000.0,1300000.0,1400000.0,1400000.0,1500000.0,1400000.0,1400000.0,1400000.0,1500000.0,1500000.0,1550000.0,1600000.0,1850000.0,1820000.0,1700000.0,1800000.0,1800000.0,1890000.0,1670000.0,1615000.0,1620000.0,1620000.0,1585000.0,1575000.0,1535000.0,1535000.0,1535000.0,1660000.0,1645000.0,1614000.0,1818700.0,1792300.0,1767800.0,1738000.0,1688800.0,1649500.0,1616400.0,1555700.0,1464750.0,1430680.0,1389320.0,1348810.0,1325611.0,1278800.0,1271280.0,1263590.0,1248010.0,1247030.0,1028230.0,1020400.0,1027040.0,1041190.0,1057271.0,1065600.0,1074386.0,1077993.0,1081698.0,1082992.0,1113131.0,1139140.0,1137140.0,88160292.0
"Cereals, primary",Area harvested,523153.0,550684.0,562184.0,564713.0,590253.0,580838.0,604166.0,669178.0,693311.0,712396.0,740922.0,773059.0,758106.0,749400.0,761513.0,749156.0,733625.0,593800.0,745000.0,723800.0,718000.0,690000.0,680000.0,638000.0,669974.0,665875.0,675954.0,689755.0,683137.0,700647.0,703640.0,693753.0,713434.0,718624.0,695787.0,710468.0,716975.0,701404.0,719389.0,725700.0,695600.0,701500.0,695800.0,704700.0,701200.0,670000.0,679848.0,662917.0,682104.0,686484.0,697275.0,693867.0,681399.0,624286.0,691589.0,698812.0,696025.0,709528.0,679392.0,654169.0,655717.0,41651985.0
Rice,Area harvested,516489.0,544223.0,552947.0,555785.0,581904.0,572995.0,597599.0,660372.0,684234.0,704767.0,734532.0,766177.0,751640.0,740000.0,750339.0,733000.0,723000.0,583000.0,738000.0,716800.0,711000.0,682000.0,666000.0,624000.0,654974.0,650875.0,658954.0,671755.0,664137.0,680647.0,683640.0,672753.0,693434.0,698624.0,672787.0,685468.0,690975.0,674404.0,692389.0,698700.0,673600.0,678500.0,671800.0,680700.0,676200.0,645000.0,673242.0,656602.0,674928.0,677884.0,687516.0,684545.0,671679.0,614579.0,681559.0,688770.0,685548.0,699980.0,672084.0,644908.0,645668.0,40820611.0
"Coconuts, in shell",Area harvested,237000.0,240000.0,265000.0,272000.0,278000.0,277309.0,284093.0,294860.0,304685.0,310000.0,312864.0,317711.0,316000.0,321000.0,337000.0,340000.0,344000.0,353000.0,351000.0,354300.0,360300.0,363100.0,349000.0,317000.0,315000.0,280000.0,320591.0,327812.0,325611.0,315500.0,315900.0,291000.0,266700.0,267000.0,248900.0,228200.0,222000.0,210000.0,200000.0,190000.0,182000.0,180000.0,179000.0,178000.0,175000.0,115000.0,119701.0,111925.0,100362.0,105659.0,106312.0,100996.0,87974.0,88092.0,73167.0,75151.0,74008.0,75072.0,76776.0,74518.0,72663.0,14174812.0
"Other oil seeds, n.e.c.",Area harvested,6000.0,8000.0,8000.0,7000.0,8000.0,17000.0,10000.0,27000.0,11000.0,26500.0,18000.0,20000.0,42000.0,35000.0,35000.0,25000.0,75000.0,78000.0,80000.0,95000.0,105000.0,90000.0,98000.0,98000.0,98000.0,100000.0,90000.0,80000.0,70000.0,80000.0,89966.0,94966.0,105000.0,98000.0,108000.0,128000.0,117975.0,120000.0,124008.0,127666.0,131574.0,135197.0,138648.0,141509.0,150000.0,145740.0,146230.0,146667.0,147149.0,140000.0,148549.0,145000.0,152119.0,154686.0,155342.0,157441.0,164918.0,169577.0,182281.0,178270.0,177023.0,5862001.0
Fruit Primary,Area harvested,42540.0,45440.0,45020.0,47150.0,50190.0,42070.0,42750.0,44080.0,45970.0,50140.0,57140.0,48750.0,42050.0,47050.0,44370.0,48850.0,47675.0,46590.0,48650.0,56581.0,56905.0,54606.0,48396.0,53152.0,88696.0,89691.0,97795.0,96419.0,97014.0,100276.0,98902.0,97308.0,104364.0,103115.0,101776.0,100764.0,97449.0,103395.0,100215.0,97278.0,94719.0,100761.0,105538.0,107273.0,103580.0,97029.0,92552.0,91112.0,95067.0,92283.0,112977.0,103414.0,98307.0,100438.0,90217.0,90830.0,94241.0,89967.0,86689.0,86035.0,86148.0,4749749.0
Cocoa beans,Area harvested,1300.0,1300.0,1000.0,2000.0,2000.0,2000.0,3000.0,3000.0,3000.0,4000.0,7400.0,6500.0,7000.0,12000.0,17000.0,22000.0,27000.0,22723.0,28498.0,34750.0,42445.0,54206.0,71914.0,96551.0,112500.0,146900.0,185500.0,232800.0,264100.0,297600.0,398950.0,378540.0,299995.0,271339.0,190217.0,168219.0,140899.0,117679.0,100803.0,75766.0,57963.0,48631.0,45493.0,42208.0,33994.0,31740.0,28459.0,21411.0,18047.0,20083.0,20847.0,11748.0,13826.0,16102.0,18122.0,16738.0,16871.0,15647.0,5868.0,5715.0,6004.0,4349911.0
"Roots and Tubers, Total",Area harvested,41000.0,36800.0,50142.0,57647.0,51816.0,52403.0,52117.0,47496.0,43425.0,52269.0,48150.0,45000.0,47302.0,50824.0,52241.0,57300.0,57593.0,53800.0,53400.0,50650.0,52850.0,52550.0,52150.0,52450.0,51900.0,52900.0,52900.0,51450.0,47200.0,44400.0,37450.0,35700.0,33071.0,30926.0,26071.0,22950.0,20000.0,16650.0,14500.0,12050.0,10000.0,9400.0,8200.0,7098.0,6322.0,5641.0,4887.0,4325.0,5040.0,5281.0,5166.0,5668.0,7493.0,6417.0,7060.0,6238.0,5536.0,5293.0,6312.0,6023.0,5451.0,1894344.0
Vegetables Primary,Area harvested,10780.0,11220.0,10460.0,10970.0,10780.0,11205.0,7734.0,18858.0,18755.0,19146.0,18147.0,22860.0,14810.0,12550.0,15325.0,15590.0,15800.0,15325.0,16010.0,16175.0,16610.0,16980.0,17525.0,17030.0,17270.0,17370.0,17620.0,18280.0,18550.0,20986.0,21760.0,22814.0,24552.0,25752.0,26966.0,24933.0,28651.0,27229.0,28570.0,28188.0,27918.0,29263.0,31434.0,34256.0,35641.0,37033.0,38257.0,39104.0,41622.0,47943.0,49963.0,50882.0,56486.0,58861.0,58176.0,54403.0,54514.0,54144.0,56931.0,56846.0,58733.0,1702546.0
Bananas,Area harvested,26800.0,27000.0,27000.0,26000.0,27000.0,18500.0,17600.0,17800.0,18100.0,21000.0,27000.0,22000.0,16000.0,21000.0,20000.0,23000.0,22900.0,20700.0,22000.0,23429.0,25105.0,24526.0,20446.0,23952.0,23226.0,21921.0,27725.0,27889.0,28054.0,28400.0,28600.0,28700.0,31046.0,30405.0,30405.0,30000.0,30000.0,30000.0,31000.0,26055.0,22629.0,24342.0,26000.0,30000.0,30000.0,25000.0,22719.0,22650.0,22135.0,24167.0,29132.0,29193.0,27085.0,28911.0,24858.0,22294.0,27565.0,24219.0,21542.0,21673.0,23311.0,1521709.0
"Cassava, fresh",Area harvested,13500.0,16000.0,19300.0,15200.0,17100.0,22200.0,22900.0,22000.0,22600.0,31000.0,28000.0,28000.0,29000.0,30000.0,33000.0,36000.0,36000.0,33000.0,34000.0,32000.0,35000.0,35000.0,35000.0,35000.0,36000.0,36000.0,36500.0,36700.0,38000.0,37000.0,32000.0,30000.0,27000.0,25000.0,20000.0,17500.0,15000.0,12000.0,10000.0,8500.0,7000.0,5800.0,4600.0,4000.0,3500.0,3000.0,2396.0,2316.0,3075.0,2769.0,2596.0,2825.0,4046.0,3050.0,3418.0,3148.0,2566.0,1971.0,2455.0,2278.0,1913.0,1146722.0
"Other vegetables, fresh n.e.c.",Area harvested,9670.0,10000.0,9220.0,9610.0,9630.0,9800.0,5900.0,17000.0,16300.0,16550.0,15500.0,20000.0,11900.0,9500.0,12100.0,12000.0,12000.0,11500.0,12000.0,12300.0,12400.0,12700.0,13500.0,13200.0,14000.0,14000.0,14000.0,14000.0,14000.0,14500.0,15000.0,16000.0,17000.0,18000.0,19000.0,16000.0,19000.0,17000.0,18000.0,18500.0,18500.0,18500.0,19000.0,20598.0,21238.0,21885.0,23095.0,23820.0,24508.0,25162.0,25779.0,28000.0,26885.0,27767.0,28460.0,28753.0,29404.0,28872.0,29010.0,29096.0,28993.0,1079605.0
"Other tropical fruits, n.e.c.",Area harvested,0.0,0.0,0.0,0.0,0.0,0.0,0.0,0.0,0.0,0.0,0.0,0.0,0.0,0.0,0.0,0.0,0.0,0.0,0.0,0.0,0.0,0.0,0.0,0.0,29000.0,34000.0,36000.0,36000.0,36500.0,35000.0,33635.0,31846.0,36015.0,34645.0,33149.0,33271.0,30000.0,33000.0,31000.0,31386.0,31482.0,31558.0,32000.0,29646.0,26374.0,22721.0,19200.0,18342.0,17155.0,17000.0,17000.0,16500.0,16803.0,16470.0,15609.0,16294.0,16119.0,15401.0,15938.0,15819.0,15719.0,957597.0
Maize (corn),Area harvested,6664.0,6461.0,9237.0,8928.0,8349.0,7843.0,6567.0,8806.0,9077.0,7629.0,6390.0,6882.0,6466.0,9400.0,11174.0,16156.0,10625.0,10800.0,7000.0,7000.0,7000.0,8000.0,14000.0,14000.0,15000.0,15000.0,17000.0,18000.0,19000.0,20000.0,20000.0,21000.0,20000.0,20000.0,23000.0,25000.0,26000.0,27000.0,27000.0,27000.0,22000.0,23000.0,24000.0,24000.0,25000.0,25000.0,6606.0,6315.0,7176.0,8600.0,9759.0,9322.0,9720.0,9707.0,10030.0,10042.0,10477.0,9548.0,7308.0,9261.0,10049.0,831374.0
Sugar Crops Primary,Area harvested,1000.0,1062.0,1094.0,1211.0,1271.0,1572.0,1600.0,1800.0,1927.0,2851.0,7142.0,8903.0,16281.0,16416.0,22887.0,24860.0,20000.0,21400.0,20100.0,18000.0,17000.0,19700.0,20500.0,22000.0,22000.0,23000.0,20406.0,20975.0,20375.0,21574.0,22542.0,23504.0,22755.0,22661.0,23550.0,22320.0,21898.0,22043.0,21411.0,21380.0,21075.0,21228.0,13000.0,12000.0,12000.0,12000.0,15203.0,14340.0,8000.0,4540.0,4099.0,4346.0,2847.0,237.0,1717.0,1515.0,1668.0,1400.0,1174.0,1311.0,1326.0,777997.0
Sugar cane,Area harvested,1000.0,1062.0,1094.0,1211.0,1271.0,1572.0,1600.0,1800.0,1927.0,2851.0,7142.0,8903.0,16281.0,16416.0,22887.0,24860.0,20000.0,21400.0,20100.0,18000.0,17000.0,19700.0,20500.0,22000.0,22000.0,23000.0,20406.0,20975.0,20375.0,21574.0,22542.0,23504.0,22755.0,22661.0,23550.0,22320.0,21898.0,22043.0,21411.0,21380.0,21075.0,21228.0,13000.0,12000.0,12000.0,12000.0,15203.0,14340.0,8000.0,4540.0,4099.0,4346.0,2847.0,237.0,1717.0,1515.0,1668.0,1400.0,1174.0,1311.0,1326.0,777997.0
"Coffee, green",Area harvested,7963.0,7656.0,7492.0,7762.0,7626.0,8600.0,8500.0,8500.0,9500.0,9841.0,9842.0,12000.0,13000.0,16000.0,16000.0,22000.0,13450.0,15436.0,15500.0,14100.0,14240.0,14770.0,14990.0,13680.0,13500.0,13755.0,15875.0,14879.0,13946.0,13100.0,13600.0,14500.0,14643.0,14780.0,14917.0,15133.0,18182.0,23342.0,26799.0,28106.0,25254.0,22979.0,21877.0,18603.0,18052.0,14082.0,8724.0,9063.0,6148.0,5098.0,5141.0,4277.0,3764.0,3722.0,1976.0,2030.0,2076.0,1477.0,1576.0,1558.0,1504.0,736486.0
Pineapples,Area harvested,10000.0,12000.0,12000.0,14000.0,16000.0,16000.0,17000.0,18000.0,19000.0,19000.0,19000.0,17000.0,16500.0,16000.0,14000.0,14000.0,13000.0,12500.0,12500.0,12102.0,12000.0,12000.0,11500.0,11000.0,11000.0,10300.0,7900.0,7800.0,8000.0,9076.0,9081.0,8904.0,8366.0,7730.0,7895.0,7054.0,6882.0,7580.0,8106.0,7271.0,8533.0,9980.0,10000.0,10000.0,10300.0,10600.0,11780.0,13291.0,13333.0,10567.0,14922.0,13096.0,10580.0,9456.0,10551.0,10354.0,10131.0,11356.0,10928.0,11317.0,11370.0,711492.0
"Pepper (Piper spp.), raw",Area harvested,5000.0,6000.0,6000.0,5000.0,8000.0,6000.0,9000.0,6800.0,7612.0,6950.0,7407.0,7254.0,7930.0,8630.0,9225.0,9956.0,10647.0,11520.0,12160.0,12720.0,13405.0,12800.0,12755.0,10550.0,5413.0,6120.0,9704.0,9607.0,10872.0,11512.0,11226.0,10157.0,9101.0,8655.0,9837.0,9824.0,10286.0,11448.0,12287.0,13415.0,13468.0,13600.0,13800.0,12990.0,12722.0,12128.0,13023.0,13487.0,13608.0,11012.0,11130.0,10833.0,9835.0,16021.0,16333.0,16768.0,17087.0,7176.0,7299.0,8022.0,7754.0,630881.0
"Edible roots and tubers with high starch or inulin content, n.e.c., fresh",Area harvested,19000.0,12000.0,22000.0,33000.0,25000.0,21000.0,20000.0,19000.0,15000.0,16000.0,14000.0,12000.0,14500.0,17500.0,16000.0,18000.0,18000.0,17000.0,16000.0,15000.0,15000.0,15000.0,14500.0,15000.0,13500.0,14500.0,14000.0,12000.0,6000.0,4000.0,1950.0,2000.0,2100.0,2300.0,2400.0,2250.0,2300.0,2150.0,2200.0,1750.0,1600.0,1500.0,1200.0,900.0,720.0,650.0,670.0,700.0,656.0,348.0,341.0,248.0,405.0,354.0,735.0,498.0,529.0,587.0,538.0,551.0,559.0,519189.0
Unmanufactured tobacco,Area harvested,2783.0,3192.0,3330.0,3753.0,3642.0,3237.0,3237.0,2428.0,2832.0,3237.0,3990.0,8041.0,8338.0,9870.0,14448.0,8249.0,9499.0,12372.0,12495.0,13243.0,12963.0,12744.0,11267.0,10568.0,16362.0,16344.0,12676.0,9621.0,12507.0,10168.0,14953.0,11905.0,12355.0,10219.0,10525.0,10982.0,19790.0,14200.0,18522.0,15764.0,15972.0,14390.0,13038.0,12148.0,8520.0,6778.0,6827.0,6702.0,7616.0,3698.0,4242.0,2526.0,538.0,694.0,574.0,501.0,551.0,377.0,109.0,188.0,149.0,502789.0
"Other fruits, n.e.c.",Area harvested,0.0,0.0,0.0,0.0,0.0,0.0,0.0,0.0,0.0,0.0,0.0,0.0,0.0,0.0,0.0,0.0,0.0,0.0,0.0,0.0,0.0,0.0,0.0,0.0,7100.0,7100.0,7100.0,7100.0,7100.0,8055.0,8000.0,8200.0,8300.0,8400.0,8514.0,8500.0,8846.0,9009.0,9209.0,8611.0,10013.0,10666.0,12400.0,11669.0,11899.0,12100.0,12294.0,12800.0,13000.0,13000.0,12900.0,12700.0,13550.0,14005.0,14117.0,14197.0,14289.0,14742.0,14409.0,14480.0,14544.0,402918.0
"Mangoes, guavas and mangosteens",Area harvested,1000.0,1500.0,1200.0,1300.0,1000.0,1350.0,1400.0,1450.0,1500.0,1000.0,1100.0,1300.0,1700.0,1950.0,2200.0,2300.0,2650.0,3900.0,4400.0,8700.0,8600.0,8400.0,8900.0,8800.0,9500.0,7800.0,8600.0,8600.0,8600.0,8600.0,8600.0,6800.0,6282.0,5677.0,5728.0,5800.0,5800.0,4600.0,4000.0,5122.0,5043.0,5083.0,5100.0,5323.0,5702.0,5616.0,5640.0,5453.0,5089.0,4598.0,14455.0,12862.0,11138.0,11977.0,8344.0,8379.0,9571.0,8073.0,8321.0,6808.0,7117.0,347401.0
Watermelons,Area harvested,1100.0,1200.0,1000.0,1300.0,1400.0,1400.0,1600.0,1700.0,1800.0,2000.0,2600.0,2400.0,2200.0,2700.0,2300.0,3900.0,3800.0,3800.0,3800.0,5400.0,4150.0,4000.0,2500.0,2500.0,2200.0,2100.0,4000.0,2600.0,2350.0,3200.0,3000.0,4500.0,5000.0,6500.0,6000.0,6500.0,6000.0,9000.0,6000.0,7737.0,5253.0,6495.0,6200.0,6300.0,6300.0,8270.0,9241.0,10180.0,14872.0,14416.0,13814.0,11949.0,11032.0,10842.0,10024.0,11058.0,9595.0,9438.0,8302.0,8721.0,6900.0,336439.0
"Cashew nuts, in shell",Area harvested,2000.0,2000.0,2000.0,2000.0,2000.0,2000.0,2000.0,2100.0,2200.0,2398.0,2008.0,2100.0,1878.0,5559.0,6229.0,6825.0,6349.0,5425.0,3441.0,2932.0,994.0,399.0,2555.0,4171.0,3500.0,2634.0,3867.0,5231.0,7186.0,5300.0,5800.0,6400.0,6500.0,6439.0,7000.0,6699.0,6777.0,6854.0,6927.0,6839.0,6874.0,6911.0,6941.0,6960.0,6981.0,7007.0,7000.0,7088.0,7158.0,7227.0,7293.0,7200.0,7400.0,7320.0,7428.0,7475.0,7502.0,7508.0,7546.0,7578.0,7609.0,317522.0
"Treenuts, Total",Area harvested,2000.0,2000.0,2000.0,2000.0,2000.0,2000.0,2000.0,2100.0,2200.0,2398.0,2008.0,2100.0,1878.0,5559.0,6229.0,6825.0,6349.0,5425.0,3441.0,2932.0,994.0,399.0,2555.0,4171.0,3500.0,2634.0,3867.0,5231.0,7186.0,5300.0,5800.0,6400.0,6500.0,6439.0,7000.0,6699.0,6777.0,6854.0,6927.0,6839.0,6874.0,6911.0,6941.0,6960.0,6981.0,7007.0,7000.0,7088.0,7158.0,7227.0,7293.0,7200.0,7400.0,7320.0,7428.0,7475.0,7502.0,7508.0,7546.0,7578.0,7609.0,317522.0
"Citrus Fruit, Total",Area harvested,3440.0,3590.0,3570.0,4300.0,4540.0,4570.0,4850.0,4780.0,5220.0,6790.0,6940.0,5450.0,5050.0,4600.0,4870.0,4550.0,4350.0,4690.0,4700.0,4800.0,4700.0,4080.0,3850.0,3900.0,3670.0,3470.0,3770.0,3730.0,3710.0,4245.0,4286.0,4558.0,4854.0,4558.0,4685.0,4539.0,4821.0,4906.0,5300.0,5096.0,5265.0,5637.0,6038.0,7335.0,7604.0,8422.0,9488.0,6079.0,5835.0,5867.0,8292.0,5083.0,6185.0,6007.0,4201.0,4274.0,4233.0,4829.0,4995.0,4831.0,4530.0,307408.0
Sweet potatoes,Area harvested,8500.0,8800.0,8842.0,9447.0,9716.0,9203.0,9217.0,6496.0,5825.0,5269.0,6150.0,5000.0,3802.0,3324.0,3241.0,3300.0,3593.0,3800.0,3400.0,3650.0,2850.0,2550.0,2650.0,2450.0,2400.0,2400.0,2400.0,2750.0,3200.0,3400.0,3500.0,3700.0,3971.0,3626.0,3671.0,3200.0,2700.0,2500.0,2300.0,1800.0,1400.0,2100.0,2400.0,2198.0,2102.0,1991.0,1821.0,1309.0,1309.0,2164.0,2229.0,2595.0,3042.0,3013.0,2908.0,2592.0,2441.0,2735.0,3319.0,3194.0,2979.0,228434.0
Tea leaves,Area harvested,3521.0,3495.0,3507.0,3449.0,3427.0,3912.0,3330.0,3096.0,3416.0,3218.0,3338.0,2986.0,2977.0,2870.0,2815.0,2762.0,2734.0,2777.0,2560.0,2428.0,2457.0,2566.0,2555.0,3239.0,3200.0,3218.0,3355.0,3474.0,3265.0,3270.0,3306.0,2893.0,2923.0,2697.0,2946.0,2944.0,2902.0,2300.0,2927.0,3003.0,3500.0,3400.0,3500.0,3500.0,3500.0,3320.0,2780.0,1990.0,1519.0,2459.0,2459.0,2380.0,2299.0,2304.0,1890.0,2003.0,1845.0,2083.0,1440.0,1869.0,1970.0,174068.0
Papayas,Area harvested,200.0,150.0,250.0,250.0,250.0,250.0,300.0,350.0,350.0,350.0,500.0,600.0,600.0,800.0,1000.0,1100.0,975.0,1000.0,1250.0,2150.0,2350.0,1600.0,1200.0,3000.0,3000.0,3000.0,2700.0,2700.0,2700.0,3700.0,3700.0,3800.0,4500.0,5200.0,5400.0,5100.0,5100.0,5300.0,5600.0,6000.0,6500.0,7000.0,7800.0,7000.0,5400.0,4300.0,2190.0,2317.0,3648.0,2668.0,2462.0,2031.0,1934.0,2771.0,2514.0,3980.0,2738.0,1858.0,2194.0,2267.0,2524.0,164421.0
"Groundnuts, excluding shelled",Area harvested,1928.0,2131.0,2088.0,2993.0,2760.0,2458.0,2758.0,3816.0,3062.0,3201.0,3112.0,5208.0,6373.0,5832.0,7936.0,6744.0,6700.0,6200.0,6600.0,6788.0,8500.0,5742.0,4235.0,1900.0,1700.0,1300.0,1850.0,1520.0,1260.0,1350.0,1400.0,1400.0,1441.0,1414.0,1421.0,1000.0,900.0,600.0,500.0,379.0,239.0,354.0,300.0,350.0,350.0,238.0,224.0,176.0,190.0,189.0,154.0,119.0,127.0,142.0,93.0,79.0,71.0,66.0,87.0,71.0,67.0,132186.0
Oranges,Area harvested,1300.0,1500.0,1500.0,1800.0,2250.0,2000.0,2300.0,2800.0,3250.0,3900.0,3700.0,2500.0,2550.0,2400.0,2500.0,2000.0,2250.0,2200.0,2400.0,2500.0,2200.0,2000.0,1500.0,1400.0,1500.0,1500.0,1800.0,1800.0,1800.0,2042.0,1581.0,1700.0,1734.0,1767.0,1770.0,1800.0,1904.0,1972.0,2000.0,2128.0,2227.0,2321.0,2399.0,2795.0,2651.0,2640.0,2648.0,2140.0,2504.0,2550.0,5050.0,2993.0,3108.0,2965.0,1643.0,1557.0,1517.0,1028.0,1215.0,1168.0,1069.0,131686.0
Cucumbers and gherkins,Area harvested,250.0,250.0,220.0,240.0,200.0,240.0,300.0,340.0,615.0,670.0,630.0,700.0,850.0,800.0,1100.0,1000.0,1200.0,1270.0,1300.0,1160.0,1240.0,1250.0,1250.0,1110.0,710.0,1500.0,1420.0,1500.0,1600.0,1366.0,1500.0,1494.0,2000.0,2104.0,1801.0,1600.0,2000.0,2200.0,2100.0,1600.0,2000.0,1895.0,2228.0,2498.0,2813.0,3011.0,3050.0,2856.0,3780.0,3836.0,3969.0,4607.0,5161.0,4661.0,4371.0,4359.0,4401.0,4114.0,4999.0,5072.0,4831.0,123192.0
Cabbages,Area harvested,200.0,200.0,200.0,300.0,250.0,300.0,500.0,500.0,700.0,750.0,800.0,1000.0,900.0,1000.0,1100.0,1450.0,1400.0,1300.0,1500.0,1500.0,1750.0,1800.0,1700.0,1650.0,1400.0,600.0,1300.0,1000.0,1200.0,1300.0,1500.0,1500.0,1322.0,1369.0,1369.0,1984.0,2307.0,2595.0,2400.0,1370.0,814.0,1092.0,1500.0,1800.0,1800.0,1655.0,1700.0,1750.0,1406.0,4917.0,5656.0,3528.0,4845.0,7937.0,8261.0,3774.0,3279.0,3300.0,3226.0,3217.0,3691.0,116414.0
"Chillies and peppers, dry (Capsicum spp., Pimenta spp.), raw",Area harvested,700.0,500.0,900.0,400.0,400.0,900.0,1250.0,1250.0,1600.0,1600.0,1600.0,1300.0,1100.0,1100.0,1000.0,1100.0,1050.0,1000.0,1000.0,1500.0,1700.0,1300.0,1900.0,1500.0,1600.0,1500.0,1450.0,1500.0,1500.0,1600.0,1636.0,1667.0,1698.0,1731.0,1700.0,1806.0,1850.0,1896.0,1944.0,1994.0,2046.0,2102.0,2160.0,2221.0,2285.0,2353.0,2424.0,2499.0,2579.0,2663.0,2753.0,3000.0,2912.0,2985.0,3102.0,3000.0,3145.0,3082.0,3076.0,3101.0,3086.0,111296.0
Areca nuts,Area harvested,6000.0,3800.0,5500.0,4500.0,5000.0,4500.0,5000.0,3000.0,2500.0,2000.0,2500.0,2800.0,3000.0,2800.0,2300.0,2100.0,2000.0,1800.0,2000.0,2700.0,1300.0,1100.0,900.0,600.0,1000.0,2000.0,2000.0,1100.0,1700.0,2800.0,2200.0,2700.0,2397.0,1700.0,600.0,1200.0,1652.0,2400.0,1879.0,2000.0,1500.0,800.0,650.0,1046.0,1366.0,1800.0,1300.0,636.0,643.0,680.0,341.0,222.0,45.0,222.0,91.0,83.0,94.0,58.0,60.0,1.0,12.0,110678.0
Spinach,Area harvested,0.0,0.0,0.0,0.0,0.0,0.0,0.0,0.0,0.0,0.0,0.0,0.0,0.0,0.0,0.0,0.0,0.0,0.0,0.0,0.0,0.0,0.0,0.0,0.0,0.0,0.0,0.0,1000.0,1000.0,1000.0,1000.0,1000.0,1000.0,1000.0,1000.0,1000.0,1100.0,1300.0,1600.0,1800.0,2000.0,2500.0,3000.0,3500.0,3620.0,3730.0,3858.0,4094.0,4584.0,3585.0,4098.0,4023.0,4288.0,4386.0,3860.0,4276.0,5485.0,5653.0,6210.0,5936.0,5975.0,103461.0
"Chillies and peppers, green (Capsicum spp. and Pimenta spp.)",Area harvested,0.0,0.0,0.0,0.0,0.0,0.0,0.0,0.0,0.0,0.0,0.0,0.0,0.0,0.0,0.0,0.0,0.0,0.0,0.0,0.0,0.0,0.0,0.0,0.0,0.0,0.0,0.0,0.0,0.0,1700.0,1700.0,1700.0,1800.0,1800.0,1800.0,2000.0,2000.0,2000.0,2200.0,2200.0,2200.0,2400.0,2400.0,2400.0,2500.0,2500.0,2898.0,2712.0,2594.0,2971.0,2597.0,2856.0,4104.0,3582.0,2915.0,3176.0,2835.0,2390.0,2844.0,2967.0,3098.0,79839.0
"Other citrus fruit, n.e.c.",Area harvested,1500.0,1400.0,1300.0,1500.0,1200.0,1400.0,1600.0,1200.0,1200.0,2200.0,2200.0,2000.0,1400.0,1100.0,1300.0,1600.0,1200.0,1700.0,1500.0,700.0,1000.0,550.0,900.0,1000.0,520.0,520.0,520.0,520.0,520.0,533.0,575.0,478.0,605.0,531.0,630.0,639.0,617.0,534.0,700.0,900.0,991.0,1100.0,1267.0,1472.0,2000.0,2800.0,3500.0,1000.0,1000.0,1000.0,1000.0,0.0,674.0,1044.0,664.0,794.0,813.0,757.0,788.0,786.0,777.0,66219.0
"Fibre Crops, Fibre Equivalent",Area harvested,0.0,0.0,0.0,0.0,0.0,0.0,0.0,0.0,0.0,0.0,0.0,0.0,0.0,0.0,0.0,0.0,0.0,0.0,0.0,0.0,0.0,0.0,0.0,0.0,0.0,0.0,0.0,0.0,0.0,0.0,2007.0,2010.0,2012.0,2015.0,2018.0,2021.0,2024.0,2028.0,2031.0,2034.0,2037.0,2041.0,2044.0,2062.0,2094.0,2128.0,2164.0,2202.0,2241.0,2283.0,2254.0,2144.0,2051.0,2395.0,2805.0,3107.0,2213.0,2068.0,1730.0,1626.0,1545.0,65434.0
"Kenaf, and other textile bast fibres, raw or retted",Area harvested,0.0,0.0,0.0,0.0,0.0,0.0,0.0,0.0,0.0,0.0,0.0,0.0,0.0,0.0,0.0,0.0,0.0,0.0,0.0,0.0,0.0,0.0,0.0,0.0,0.0,0.0,0.0,0.0,0.0,0.0,2007.0,2010.0,2012.0,2015.0,2018.0,2021.0,2024.0,2028.0,2031.0,2034.0,2037.0,2041.0,2044.0,2062.0,2094.0,2128.0,2164.0,2202.0,2241.0,2283.0,2254.0,2144.0,2051.0,2395.0,2805.0,3107.0,2213.0,2068.0,1730.0,1626.0,1545.0,65434.0
Tomatoes,Area harvested,560.0,670.0,700.0,710.0,600.0,725.0,890.0,835.0,890.0,900.0,950.0,880.0,860.0,950.0,725.0,840.0,900.0,905.0,840.0,825.0,810.0,830.0,725.0,700.0,700.0,800.0,500.0,450.0,400.0,420.0,450.0,480.0,510.0,536.0,536.0,620.0,510.0,570.0,470.0,951.0,627.0,789.0,1200.0,1250.0,1300.0,1901.0,1110.0,1039.0,1114.0,1347.0,1451.0,1978.0,2831.0,1948.0,1984.0,2794.0,1941.0,2101.0,1974.0,2070.0,2015.0,62887.0
Pomelos and grapefruits,Area harvested,340.0,340.0,370.0,500.0,550.0,600.0,500.0,400.0,400.0,300.0,600.0,500.0,600.0,550.0,550.0,500.0,500.0,440.0,450.0,850.0,750.0,850.0,850.0,950.0,950.0,750.0,700.0,680.0,680.0,900.0,1300.0,1500.0,1585.0,1600.0,1600.0,1600.0,1600.0,1700.0,1800.0,1197.0,1089.0,1143.0,1200.0,1339.0,1297.0,1441.0,1822.0,1830.0,1611.0,1571.0,1394.0,1123.0,1093.0,1009.0,1044.0,910.0,892.0,818.0,858.0,847.0,791.0,58504.0
Okra,Area harvested,0.0,0.0,0.0,0.0,0.0,0.0,0.0,0.0,0.0,0.0,0.0,0.0,0.0,0.0,0.0,0.0,0.0,0.0,0.0,0.0,0.0,0.0,0.0,0.0,0.0,0.0,0.0,0.0,0.0,340.0,240.0,240.0,490.0,490.0,490.0,730.0,730.0,730.0,970.0,970.0,970.0,1210.0,1210.0,1210.0,1450.0,1450.0,1450.0,1527.0,1702.0,2295.0,2350.0,2157.0,2703.0,3120.0,3326.0,3127.0,3411.0,3250.0,3781.0,3600.0,3885.0,55604.0
"Ginger, raw",Area harvested,550.0,600.0,500.0,600.0,750.0,700.0,450.0,430.0,500.0,600.0,700.0,750.0,650.0,550.0,650.0,650.0,500.0,700.0,700.0,800.0,650.0,550.0,500.0,1100.0,950.0,950.0,900.0,910.0,970.0,1000.0,1100.0,1300.0,1500.0,1588.0,1700.0,1562.0,1403.0,1300.0,1000.0,807.0,979.0,935.0,897.0,906.0,880.0,871.0,880.0,1089.0,1198.0,1061.0,864.0,903.0,893.0,1048.0,965.0,940.0,974.0,846.0,788.0,861.0,706.0,53554.0
Lemons and limes,Area harvested,300.0,350.0,400.0,500.0,540.0,570.0,450.0,380.0,370.0,390.0,440.0,450.0,500.0,550.0,520.0,450.0,400.0,350.0,350.0,750.0,750.0,680.0,600.0,550.0,700.0,700.0,750.0,730.0,710.0,770.0,830.0,880.0,930.0,660.0,685.0,500.0,700.0,700.0,800.0,871.0,958.0,1073.0,1171.0,1729.0,1656.0,1541.0,1518.0,1109.0,720.0,746.0,848.0,967.0,1310.0,989.0,850.0,1013.0,1011.0,2227.0,2135.0,2030.0,1893.0,51000.0
"Cloves (whole stems), raw",Area harvested,200.0,130.0,350.0,150.0,130.0,180.0,190.0,200.0,200.0,300.0,400.0,270.0,400.0,500.0,500.0,600.0,600.0,700.0,700.0,900.0,800.0,850.0,800.0,700.0,800.0,850.0,900.0,910.0,910.0,920.0,940.0,980.0,1000.0,900.0,886.0,861.0,800.0,833.0,828.0,824.0,820.0,819.0,866.0,874.0,885.0,896.0,906.0,917.0,928.0,939.0,950.0,1000.0,962.0,958.0,977.0,990.0,997.0,968.0,966.0,966.0,966.0,44442.0
Lettuce and chicory,Area harvested,0.0,0.0,0.0,0.0,0.0,0.0,0.0,0.0,0.0,0.0,0.0,0.0,0.0,0.0,0.0,0.0,0.0,0.0,0.0,0.0,0.0,0.0,0.0,0.0,0.0,0.0,0.0,0.0,0.0,0.0,0.0,0.0,0.0,0.0,500.0,500.0,500.0,500.0,500.0,500.0,500.0,500.0,500.0,500.0,500.0,500.0,654.0,707.0,1182.0,2322.0,2460.0,2069.0,3346.0,3127.0,3182.0,3017.0,2323.0,2726.0,2810.0,3173.0,4441.0,43539.0
"Pumpkins, squash and gourds",Area harvested,100.0,100.0,120.0,110.0,100.0,140.0,144.0,183.0,250.0,276.0,267.0,280.0,300.0,300.0,300.0,300.0,300.0,350.0,370.0,390.0,410.0,400.0,350.0,370.0,460.0,470.0,400.0,330.0,350.0,360.0,370.0,400.0,430.0,454.0,470.0,499.0,504.0,334.0,330.0,297.0,307.0,378.0,396.0,500.0,420.0,402.0,442.0,599.0,752.0,1508.0,1603.0,1664.0,2323.0,2333.0,1817.0,1128.0,1435.0,1738.0,2077.0,1716.0,1803.0,38009.0
"Nutmeg, mace, cardamoms, raw",Area harvested,1300.0,500.0,700.0,1200.0,700.0,500.0,500.0,500.0,500.0,550.0,650.0,550.0,500.0,500.0,500.0,500.0,500.0,500.0,500.0,750.0,750.0,730.0,780.0,700.0,800.0,900.0,950.0,1000.0,1200.0,1300.0,1980.0,1628.0,1400.0,1450.0,1028.0,854.0,700.0,1400.0,591.0,480.0,406.0,344.0,261.0,195.0,155.0,75.0,70.0,62.0,57.0,47.0,32.0,19.0,70.0,14.0,22.0,23.0,23.0,22.0,14.0,15.0,5.0,34952.0
"Abaca, manila hemp, raw",Area harvested,1836.0,1821.0,2023.0,2064.0,2289.0,2198.0,2023.0,1214.0,1820.0,182.0,182.0,2.0,0.0,0.0,0.0,0.0,0.0,0.0,0.0,0.0,0.0,0.0,0.0,0.0,0.0,0.0,0.0,0.0,0.0,0.0,0.0,0.0,0.0,0.0,0.0,0.0,0.0,0.0,0.0,0.0,0.0,0.0,0.0,0.0,0.0,0.0,0.0,0.0,0.0,0.0,0.0,0.0,0.0,0.0,0.0,0.0,0.0,0.0,0.0,0.0,0.0,17654.0
Soya beans,Area harvested,48.0,50.0,30.0,30.0,74.0,72.0,47.0,80.0,120.0,164.0,56.0,80.0,77.0,341.0,128.0,252.0,63.0,53.0,14.0,34.0,70.0,3.0,55.0,6.0,12.0,10.0,10.0,10.0,10.0,6.0,0.0,0.0,0.0,0.0,0.0,0.0,0.0,0.0,0.0,0.0,0.0,0.0,0.0,0.0,0.0,0.0,0.0,0.0,0.0,0.0,0.0,0.0,0.0,0.0,0.0,0.0,0.0,0.0,0.0,0.0,0.0,2005.0
"Other stimulant, spice and aromatic crops, n.e.c.",Area harvested,0.0,0.0,0.0,0.0,0.0,0.0,0.0,0.0,0.0,0.0,0.0,0.0,0.0,0.0,0.0,0.0,0.0,0.0,0.0,0.0,0.0,0.0,0.0,0.0,0.0,0.0,0.0,0.0,0.0,0.0,0.0,0.0,0.0,0.0,0.0,0.0,0.0,0.0,0.0,0.0,0.0,0.0,0.0,0.0,0.0,0.0,0.0,40.0,80.0,67.0,70.0,65.0,70.0,71.0,72.0,72.0,73.0,74.0,73.0,74.0,75.0,976.0
Avocados,Area harvested,0.0,0.0,0.0,0.0,0.0,0.0,0.0,0.0,0.0,0.0,0.0,0.0,0.0,0.0,0.0,0.0,0.0,0.0,0.0,0.0,0.0,0.0,0.0,0.0,0.0,0.0,0.0,0.0,0.0,0.0,0.0,0.0,0.0,0.0,0.0,0.0,0.0,0.0,0.0,0.0,0.0,0.0,0.0,0.0,0.0,0.0,0.0,0.0,0.0,0.0,0.0,0.0,0.0,0.0,0.0,0.0,0.0,50.0,59.0,118.0,134.0,361.0
"Coir, raw",Area harvested,0.0,0.0,0.0,0.0,0.0,0.0,0.0,0.0,0.0,0.0,0.0,0.0,0.0,0.0,0.0,0.0,0.0,0.0,0.0,0.0,0.0,0.0,0.0,0.0,0.0,0.0,0.0,0.0,0.0,0.0,0.0,0.0,0.0,0.0,0.0,0.0,0.0,0.0,0.0,0.0,0.0,0.0,0.0,0.0,0.0,0.0,0.0,0.0,0.0,0.0,0.0,0.0,0.0,0.0,0.0,0.0,0.0,0.0,0.0,0.0,0.0,0.0
